-- phpMyAdmin SQL Dump
-- version 3.5.2.2
-- http://www.phpmyadmin.net
--
-- 主机: 127.0.0.1
-- 生成日期: 2015 年 05 月 27 日 14:13
-- 服务器版本: 5.5.27
-- PHP 版本: 5.4.7

SET SQL_MODE="NO_AUTO_VALUE_ON_ZERO";
SET time_zone = "+00:00";


/*!40101 SET @OLD_CHARACTER_SET_CLIENT=@@CHARACTER_SET_CLIENT */;
/*!40101 SET @OLD_CHARACTER_SET_RESULTS=@@CHARACTER_SET_RESULTS */;
/*!40101 SET @OLD_COLLATION_CONNECTION=@@COLLATION_CONNECTION */;
/*!40101 SET NAMES utf8 */;

--
-- 数据库: `fastfood`
--

-- --------------------------------------------------------

--
-- 表的结构 `addressinfo`
--

CREATE TABLE IF NOT EXISTS `addressinfo` (
  `id` int(10) unsigned NOT NULL AUTO_INCREMENT,
  `username` varchar(100) NOT NULL,
  `stuid` varchar(50) NOT NULL,
  `address` varchar(200) NOT NULL,
  `phone` int(20) NOT NULL,
  PRIMARY KEY (`id`)
) ENGINE=InnoDB  DEFAULT CHARSET=utf8 AUTO_INCREMENT=2 ;

--
-- 转存表中的数据 `addressinfo`
--

INSERT INTO `addressinfo` (`id`, `username`, `stuid`, `address`, `phone`) VALUES
(1, 'wk', '0', '碧峰2舍', 111111111);

-- --------------------------------------------------------

--
-- 表的结构 `areainfo`
--

CREATE TABLE IF NOT EXISTS `areainfo` (
  `id` int(10) NOT NULL AUTO_INCREMENT,
  `name` varchar(100) NOT NULL,
  `father` int(10) NOT NULL,
  `root` int(10) NOT NULL,
  PRIMARY KEY (`id`)
) ENGINE=InnoDB  DEFAULT CHARSET=utf8 AUTO_INCREMENT=378 ;

--
-- 转存表中的数据 `areainfo`
--

INSERT INTO `areainfo` (`id`, `name`, `father`, `root`) VALUES
(1, '紫金港校区', -1, -1),
(2, '玉泉校区', -1, -1),
(3, '西溪校区', -1, -1),
(4, '华家池校区', -1, -1),
(5, '之江校区', -1, -1),
(39, '101', 37, 1),
(42, '102', 37, 1),
(44, '103房间', 44, 1),
(47, '农生组团', -1, 1),
(48, '纳米楼', -1, 1),
(49, '医学院', -1, 1),
(52, '校长办公室', 300, 1),
(53, '东1A-105', 43, 1),
(54, '东1C-109', 43, 1),
(55, '东1A-103-1', 43, 1),
(56, '东1A-103-2', 43, 1),
(57, '东1A-103-3', 43, 1),
(58, '东1B-104', 43, 1),
(61, '东1C-115', 43, 1),
(63, '东1C-113', 43, 1),
(64, '东1A-101', 43, 1),
(65, '东1C-110', 43, 1),
(66, '东1B-107-2', 43, 1),
(67, '东1B-105', 43, 1),
(68, '东1D-102', 43, 1),
(69, '东3-104', 43, 1),
(70, '东3-122', 43, 1),
(71, '东3-301-1', 43, 1),
(72, '东3-301', 43, 1),
(73, '东3-105', 43, 1),
(74, '东4-225', 43, 1),
(75, '东4-139', 43, 1),
(76, '东4-143', 43, 1),
(77, '东1B-314', 43, 1),
(78, '东2-108', 43, 1),
(98, '综211', 49, 1),
(99, '综801', 49, 1),
(100, '综401', 49, 1),
(101, ' 教B-414', 49, 1),
(102, '综420', 49, 1),
(103, '综421', 49, 1),
(104, '综907', 49, 1),
(105, '综612', 49, 1),
(107, '科B-302', 49, 1),
(108, '科B-419', 49, 1),
(109, '综418', 49, 1),
(110, '综419', 49, 1),
(111, '综716', 49, 1),
(112, '综1119', 49, 1),
(113, '综1105', 49, 1),
(114, '综1103', 49, 1),
(115, '综1116', 49, 1),
(116, '综12楼会议室', 49, 1),
(118, '科A-310', 49, 1),
(119, '综306', 49, 1),
(121, '综611', 49, 1),
(122, '综1113', 49, 1),
(123, '综601', 49, 1),
(124, '综516', 49, 1),
(125, '综605', 49, 1),
(126, '综602', 49, 1),
(127, '综501', 49, 1),
(128, '综405', 49, 1),
(129, '综616', 49, 1),
(130, '科A-303', 49, 1),
(131, '动物130', 239, 1),
(132, '教B-416', 49, 1),
(133, '药学院227', 240, 1),
(134, '药学院242', 240, 1),
(135, '药学院239', 240, 1),
(136, '月牙楼604-2', 249, 1),
(137, '月牙楼608', 249, 1),
(138, '月牙楼107', 249, 1),
(140, '西2-409', 241, 1),
(141, '西2-408', 241, 1),
(142, '西4B-204', 241, 1),
(143, '小剧场317', 248, 1),
(144, '小剧场321', 248, 1),
(145, '小剧场B-203', 248, 1),
(146, '小剧场B-204', 248, 1),
(147, '南花园', 245, 1),
(148, '金工-206', 253, 1),
(149, '金工-207', 253, 1),
(150, '金工-204', 253, 1),
(151, '金工-201', 253, 1),
(152, '小剧场219', 248, 1),
(153, '生物208', 244, 1),
(154, '生物105', 244, 1),
(155, '生物306', 244, 1),
(156, '生物313', 244, 1),
(157, '建工121', 51, 1),
(158, '建工108', 51, 1),
(160, '安A-327', 51, 1),
(161, '安A-329', 51, 1),
(162, '安A-339', 51, 1),
(163, '安A-325', 51, 1),
(164, '海洋317', 252, 1),
(165, '园林', 51, 1),
(166, '海洋112', 252, 1),
(167, '海洋112', 252, 1),
(168, '化学101', 243, 1),
(170, '西3B-209', 241, 1),
(171, '药学院254', 240, 1),
(172, '控制系', 50, 1),
(173, '西部建设202', 50, 1),
(174, '行政楼1408', 52, 1),
(176, '行政楼1313', 52, 1),
(177, '行政楼1402', 301, 1),
(179, '行政楼801-01', 302, 1),
(181, '医院1号楼--305', 238, 1),
(182, '医院1号楼--307', 238, 1),
(186, '行政楼1001-01', 303, 1),
(187, '行政楼501A学工办', 304, 1),
(188, '行政楼505图书', 304, 1),
(189, '行政楼401A', 304, 1),
(191, '行政楼405A', 304, 1),
(192, '行政楼409A', 304, 1),
(193, '行政楼301A', 304, 1),
(194, '行政楼301B', 304, 1),
(196, '行政楼303室MBA中心', 304, 1),
(197, '行政楼307B教学中心', 304, 1),
(198, '行政楼307A校友办', 304, 1),
(199, '行政楼1201-1', 307, 1),
(200, '行政楼1200', 307, 1),
(202, '行政楼601-01', 308, 1),
(204, '农C-1227', 47, 1),
(205, '农E-251', 47, 1),
(206, '农E-255', 47, 1),
(207, '农E-247', 47, 1),
(208, '农E-253', 47, 1),
(209, '农E-257', 47, 1),
(210, '农D-429', 47, 1),
(211, '农C-451', 47, 1),
(212, '农D-445', 47, 1),
(213, '农B-109-1', 47, 1),
(214, '农A-211', 47, 1),
(215, ' 农A-213', 47, 1),
(216, '生科127', 242, 1),
(217, '生科215', 242, 1),
(218, '纳B-109', 48, 1),
(219, '纳B-208', 48, 1),
(220, '纳B-213', 48, 1),
(221, '纳B-101', 48, 1),
(222, '纳B-219', 48, 1),
(223, '纳A-117', 48, 1),
(224, '纳A-116', 48, 1),
(225, '纳A-313', 48, 1),
(226, '纳A-318-1', 48, 1),
(227, '水电保障中心', 272, 1),
(228, '水电办公室', 272, 1),
(229, '纳A-533', 48, 1),
(230, '纳A-535', 48, 1),
(231, '科A-208', 49, 1),
(232, '纳A218', 48, 1),
(255, '田径场出借室', 246, 1),
(256, '蒙民伟楼221', 236, 1),
(257, '东6-125', 274, 1),
(258, '东6-128', 274, 1),
(259, '东6-123', 274, 1),
(260, '东6-121', 274, 1),
(261, '东6-120', 274, 1),
(262, '东6-104-3', 274, 1),
(263, '东6-117', 274, 1),
(264, '东6-131', 274, 1),
(265, '东6-113', 274, 1),
(266, '东6-126', 274, 1),
(267, '东6-405', 274, 1),
(268, '东6-211', 274, 1),
(269, '蒙民伟楼304-1', 236, 1),
(275, '蒙民伟楼269', 236, 1),
(276, '动物中心325', 239, 1),
(277, '化学530', 243, 1),
(278, '纳A-413B', 48, 1),
(279, '纳米楼A-265', 48, 1),
(280, '纳米楼A-235', 48, 1),
(283, '饮食中心', 311, 1),
(284, '饮食中心会议室309', 283, 1),
(285, '生科129', 242, 1),
(286, '纳米楼A-211', 48, 1),
(287, '东4-316', 43, 1),
(288, '农E—259', 47, 1),
(290, '纳米楼A-119', 48, 1),
(299, '图书馆', -1, 2),
(301, '党委组织部', 300, 1),
(302, '管理学院企业管理系', 300, 1),
(303, '管院管理科学与工程系', 300, 1),
(304, '管理学院', 300, 1),
(305, '行政楼305--科研科', 304, 1),
(306, '行政楼402A外事办认证办', 304, 1),
(307, '发展战略研究院', 300, 1),
(308, '管院旅游管理系', 300, 1),
(309, '求是学院', 250, 1),
(310, '白沙综合楼  ？室', 309, 1),
(317, '本科生招生处', 313, 1),
(318, '东1A105', 317, 1),
(319, '本科生院教务处', 313, 1),
(320, '东1B-107-2', 319, 1),
(321, '东1C-110', 319, 1),
(322, '东1B-105', 319, 1),
(323, '本科生院教研处', 313, 1),
(324, '东1A-103-1', 323, 1),
(325, '东1A-103-2', 323, 1),
(326, '东1A-103-3', 323, 1),
(327, '东1C-109', 323, 1),
(328, '党委学生工作部', 313, 1),
(329, '东1A-101', 328, 1),
(330, '竺可桢学院', 313, 1),
(331, '东1D-102', 330, 1),
(332, '校人事处', 315, 1),
(333, '东3-104-1', 332, 1),
(334, '科学技术研究院', 315, 1),
(335, '东3-122', 334, 1),
(336, '社会调查研究中心', 315, 1),
(337, '东3-301', 336, 1),
(338, '党委宣传部', 315, 1),
(339, '东3-105', 338, 1),
(340, '信电系实验中心', 316, 1),
(341, '东4-225', 340, 1),
(342, '采购中心', 316, 1),
(343, '东4-139', 342, 1),
(344, '同力后勤紫金港分中心', 313, 1),
(345, '东1B-314', 344, 1),
(346, '保卫处', 316, 1),
(347, '东4-值班室', 346, 1),
(348, '发展规划处', 315, 1),
(349, '东3-116', 348, 1),
(350, '国际教育学院', 313, 1),
(351, '东1B-104', 350, 1),
(352, '本科生院院办', 313, 1),
(353, '东1C-115', 352, 1),
(354, '东1C-113', 313, 1),
(355, '东1C-113', 352, 1),
(356, '统一战线工作部', 316, 1),
(357, '东4-117', 356, 1),
(358, '光电系', 316, 1),
(359, '东4-607', 358, 1),
(365, '10份以下自取', -1, 1),
(367, '医学院综合楼自取点', 365, 1),
(368, '生命科学学院大厅自取', 365, 1),
(369, '校医院紫金港分院', -1, 1),
(370, '校医院急诊室', 369, 1),
(371, '校医院推拿室', 369, 1),
(372, '校医院化验室', 369, 1),
(373, '校医院药房', 369, 1),
(374, '校医院2#301', 369, 1),
(375, '校医院305', 369, 1),
(376, '校医院308', 369, 1),
(377, '校医院3楼', 369, 1);

-- --------------------------------------------------------

--
-- 表的结构 `categoryinfo`
--

CREATE TABLE IF NOT EXISTS `categoryinfo` (
  `id` int(10) NOT NULL AUTO_INCREMENT,
  `name` varchar(100) NOT NULL,
  `remark` varchar(200) NOT NULL,
  `father` int(10) NOT NULL,
  PRIMARY KEY (`id`)
) ENGINE=InnoDB  DEFAULT CHARSET=utf8 AUTO_INCREMENT=80 ;

--
-- 转存表中的数据 `categoryinfo`
--

INSERT INTO `categoryinfo` (`id`, `name`, `remark`, `father`) VALUES
(46, '8元套餐', '', -1),
(51, '普通套餐', '', 46),
(53, '10元套餐', '', -1),
(54, '12元套餐', '', -1),
(55, '15元套餐', '', -1),
(56, '20元套餐', '', -1),
(57, '30元套餐', '', -1),
(58, 'A套餐', '', 53),
(59, 'B套餐', '', 53),
(60, '全素套餐', '', 53),
(61, '回族套餐', '', 53),
(62, '普通套餐', '', 54),
(63, '普通套餐', '', 55),
(64, '普通套餐', '', 56),
(65, '普通套餐', '', 57),
(72, '减肥套餐', '', -1),
(73, '普通套餐', '', 72),
(74, '8元减肥套餐', '', 72),
(78, '减肥套餐', '', 46),
(79, '', '', -1);

-- --------------------------------------------------------

--
-- 表的结构 `foodinfo`
--

CREATE TABLE IF NOT EXISTS `foodinfo` (
  `id` int(10) unsigned NOT NULL AUTO_INCREMENT,
  `name` varchar(100) NOT NULL,
  `category` varchar(100) NOT NULL,
  `amount` varchar(10) NOT NULL,
  `price` float NOT NULL,
  `ingredient` varchar(200) NOT NULL,
  `remark` varchar(200) NOT NULL,
  `picture` varchar(200) NOT NULL,
  `status` int(10) NOT NULL,
  `father` int(11) NOT NULL,
  PRIMARY KEY (`id`)
) ENGINE=InnoDB  DEFAULT CHARSET=utf8 AUTO_INCREMENT=190 ;

--
-- 转存表中的数据 `foodinfo`
--

INSERT INTO `foodinfo` (`id`, `name`, `category`, `amount`, `price`, `ingredient`, `remark`, `picture`, `status`, `father`) VALUES
(117, '彩椒咸肉套餐', '63', '159', 15, ' 如：彩椒咸肉+葱油鸡+家常豆腐+毛毛菜+小菜+米饭100克+水果1个', '', 'upload/53ba4e4ef0a60.jpg', 0, 55),
(119, '10元A----剁椒鳊鱼套餐', '58', '120', 10, '剁椒鳊鱼+冬腌菜肉片+红烧豆腐+土豆丝米饭150克', '', 'upload/53964d7bdfbe8.jpg', 1, 53),
(120, '10元A----滑蛋里脊套餐', '58', '280', 10, '滑蛋里脊+榨菜肉丝+蒜泥青菜+土豆丝+米饭150克', '', 'upload/5322b390c4c48.jpg', 1, 53),
(121, '10元A---土豆排骨套餐', '58', '86', 10, '土豆排骨+葱油鱼+家常粉丝+冬瓜+米饭150克', '', 'upload/534e511ae9fc8.jpg', 1, 53),
(122, '10元A----萝卜丝带鱼套餐', '58', '297', 10, '玉米肉丁+土豆丝+清炒本芹+米饭150克', '', 'upload/5322b5561e7d8.jpg', 1, 53),
(123, '10元A---黄豆烧肉套餐', '58', '65', 10, '黄豆烧肉+葱油鱼+家常粉丝+西腿冬瓜+米饭150克', '', 'upload/5322b5b5a1f38.jpg', 1, 53),
(124, '10元B----香干酱肉套餐', '59', '130', 10, '香干酱肉+葱油鱼+家常粉丝+清炒长瓜+米饭150克', '', 'upload/5322b5f79206c.jpg', 1, 53),
(127, '东坡肉套餐', '63', '100', 15, '东坡肉+茄汁菠萝鸡+金针菇+豇豆+水果+米饭150克', '', 'upload/535345194b3dc.jpg', 0, 55),
(128, '8元----鸡蛋炒面套餐', '51', '48', 8, '鸡蛋炒面+炒青菜', '', 'upload/534d112494f93.jpg', 1, 46),
(129, '15元---葱油鸡套餐', '63', '209', 15, '葱油鸡+土豆排骨+番茄炒蛋+清炒丝瓜+干菜花生+水果+米饭150克', '', 'upload/53c86925381f7.jpg', 1, 55),
(131, '15元---彩椒咸肉套餐', '63', '50', 15, '彩椒咸肉+葱油鸡+丝瓜+家常豆腐+150克米饭+玉米', '', 'upload/53ba4dd6bd2a5.jpg', 1, 54),
(132, '20元---清蒸雅片鱼头套餐', '64', '45', 20, '清蒸雅片鱼头+培根小炒皇+椒盐明虾+莴笋炒蛋+香菇青菜+水果+150克米饭', '', 'upload/53ba4e292c906.jpg', 0, 56),
(134, '10元---全素套餐', '60', '21', 10, '', '', 'upload/53ba4d2b35398.jpg', 1, 53),
(135, '10元---回族套餐', '61', '7', 10, '剁椒鳊鱼+萝卜干炒蛋+虾皮冬瓜+蒜泥毛毛菜+150克米饭', '', 'upload/53911dfbe3f58.jpg', 1, 53),
(136, '10元A---回锅肉套餐', '58', '146', 10, '回锅肉+榨菜肉丝+红烧豆腐+蒜泥本芹+150克米饭', '', 'upload/534ba791a31d6.jpg', 1, 53),
(138, '10元B----香菇鸡套餐', '59', '74', 10, '香菇鸡+咸菜肉片+红烧海带+炒西芹+150克米饭', '', 'upload/5347c855a6196.jpg', 0, 53),
(139, '鱼香肉丝套餐', '62', '99', 12, '鱼香肉丝+香卤鸡腿+番茄炒蛋+毛毛菜+150克米饭', '', 'upload/5347c8ae0e41d.jpg', 0, 54),
(140, '15元---特色黑鱼套餐', '63', '45', 15, '特色黑鱼+杭州卤鸭+肉末香菇+蒜泥青菜+150克米饭+水果', '', 'upload/534517ed6e810.jpg', 0, 55),
(141, '15元---红烧蹄膀套餐', '63', '173', 15, '红烧蹄膀+茄汁鸡丁+毛毛菜+金针菇+150克米饭+水果', '', 'upload/53451868620f8.jpg', 0, 55),
(142, '红烧大子排套餐', '63', '291', 15, '红烧大子排+椒盐带鱼+紫荆豆腐+蒜泥菠菜+150克米饭+水果', '', 'upload/534518e357d09.jpg', 0, 55),
(143, '东坡肉套餐', '58', '191', 10, '东坡肉+榨菜肉丝+西腿冬瓜+蒜泥青菜+150克米饭', '', 'upload/5345196a7b263.jpg', 0, 53),
(144, '10元B---鱼香肉丝套餐', '59', '113', 10, '鱼香肉丝+榨菜肉丝+蒜泥花菜+青菜+150克米饭', '', 'upload/534526b37b859.jpg', 0, 53),
(147, '特色牛柳套餐', '65', '19', 30, '', '', '', 0, 57),
(148, '香酥鸭套餐', '58', '240', 10, '香酥鸭+油豆腐烧肉+包心菜+木耳花菜+150克米饭', '', 'upload/534ba6b8e1079.jpg', 0, 53),
(149, '香酥鸭套餐', '62', '30', 12, '香酥鸭+香汁排骨+高汤山药+毛毛菜+千张包+150克米饭', '', 'upload/534ba8d65947a.jpg', 0, 54),
(150, '10元A---糖醋里脊套餐', '58', '136', 10, '糖醋里脊+酸豆角炒肉+咸肉包菜+葱油芋艿+150克米饭', '', 'upload/534baa8331202.jpg', 0, 53),
(151, '10元B---南乳子排套餐', '59', '171', 10, '南乳子排+榨菜肉丝+家常粉丝+清炒冬瓜+150克米饭', '', 'upload/53ba4d94bd386.jpg', 0, 53),
(153, '薯仔排骨套餐', '59', '165', 10, '薯仔排骨+咸菜肉片+红烧豆腐+炒花菜+150克米饭', '', 'upload/534bbf20595e6.jpg', 0, 53),
(154, '土豆大仔排套餐', '63', '188', 15, '土豆大仔排+红枣鸡块+蘑菇青菜+紫荆豆腐+150克米饭+水果', '', 'upload/534bbfa004f84.jpg', 0, 55),
(156, '10元A---红葱大排 套餐', '58', '57', 10, '红葱大排+榨菜肉丝+土豆丝+毛毛菜+150克米饭', '', 'upload/534e51fd77795.jpg', 0, 53),
(157, '10元B---啤酒鸭套餐', '59', '19', 10, '啤酒鸭+葱油鱼+红烧豆腐+蒜泥本芹+150克米饭', '', 'upload/53d599a84f581.jpg', 0, 53),
(158, '8元----肉末飘香炒饭', '51', '199', 8, '肉末飘香炒饭+时令蔬菜', '', 'upload/534fb86bb9fe3.jpg', 1, 46),
(160, '杭州酱鸭套餐', '63', '1', 15, '杭州酱鸭+玉米排骨+金针菇+西南瓜炒蛋+水果+150克米饭', '', 'upload/5354d075d6d1d.jpg', 0, 55),
(161, '萝卜丝带鱼套餐', '58', '191', 10, '萝卜丝带鱼+玉米肉丁+西腿芹菜+土豆丝+150克米饭', '', 'upload/5354fc5d74e31.jpg', 0, 53),
(162, '8元----减肥A套餐', '78', '10', 8, '椒盐虾+蒜泥花菜+西腿莴笋+米饭', '', 'upload/535de08542e42.jpg', 1, 72),
(163, '豆豉蒸排骨套餐', '73', '15', 11, '豆豉蒸排骨+香肠西芹+大白菜+米饭+水果粗粮', '', 'upload/5355bd12ec8a9.docx', 0, 72),
(164, '青椒里脊套餐', '58', '241', 10, '青椒里脊+粉蒸肉+红烧豆腐+土豆丝+150克米饭', '', 'upload/53577eddc15af.JPG', 0, 53),
(165, '东坡肉套餐', '59', '163', 10, '东坡肉+榨菜肉丝+西腿冬瓜+蒜泥青菜+150克米饭', '', 'upload/53577f4cd5379.jpg', 0, 53),
(166, '梅干菜烧肉套餐', '59', '246', 10, '梅干菜烧肉+卤蛋+老南瓜+蒜泥青菜', '', 'upload/535799aea9d51.jpg', 0, 53),
(167, '8元----减肥B套餐', '78', '27', 8, '葱油鱼+番茄炒蛋+炒青菜+米饭', '', 'upload/5359a828a453c.jpg', 1, 72),
(168, '15元---尖椒猪柳套餐', '63', '121', 15, '尖椒猪柳+红烧翅根+番茄炒蛋+蒜泥毛毛菜+150克米饭+玉米棒', '', 'upload/535e37229d86f.jpg', 0, 55),
(169, '10元A----豉椒五花肉套餐', '58', '227', 10, '豉椒五花肉+葱油鱼+西腿冬瓜+蒜泥青菜', '', 'upload/53715eded7bad.jpg', 0, 53),
(170, '10元B---油豆腐烧肉套餐', '59', '229', 10, '油豆腐烧肉+榨菜肉丝+西南瓜+酸辣大白菜+150克米饭', '', 'upload/5372c3d19653f.jpg', 0, 53),
(171, '10元A---冬瓜炖排骨套餐', '58', '112', 10, '冬瓜炖排骨+粉蒸肉+虾皮长瓜+红烧豆腐', '', 'upload/53b4a5693e904.JPG', 0, 53),
(172, '10元B---香卤鸡腿套餐', '59', '174', 10, '香卤鸡腿+榨菜肉丝+家常粉丝+清炒黄瓜+150克米饭', '', 'upload/539505d6a7f51.jpg', 0, 53),
(173, '玉米马蹄排骨套餐', '58', '139', 10, '玉米马蹄炖排骨+榨菜肉丝+蒜泥长瓜+炒包菜+150克米饭', '', 'upload/5398f0005a158.jpg', 0, 53),
(174, '10元B---菌菇鸡腿套餐', '59', '212', 10, '菌菇鸡腿+酸豆角肉丝+包心菜+蒸南瓜+150克米饭', '', 'upload/539e3f2e13ab9.jpg', 0, 53),
(175, '10元A---家常豆腐套餐', '58', '77', 10, '家常豆腐+粉蒸肉+毛毛菜+西腿冬瓜+150克米饭', '', 'upload/53a37da3cd2a3.jpg', 0, 53),
(176, '糖醋鱼套餐', '58', '186', 10, '糖醋鱼+油豆腐烧肉+花菜+包心菜+150克米饭', '', 'upload/53a80a0be6793.jpg', 0, 53),
(177, '8元---鸡蛋炒河粉套餐', '51', '46', 8, '鸡蛋炒河粉+蔬菜', '', 'upload/53ab69d15bf5e.jpg', 1, 46),
(178, '菊花鱼套餐', '63', '69', 15, '菊花鱼+红烧排骨+番茄炒蛋+毛毛菜+150克米饭+水果', '', 'upload/53b1ff6dddecc.jpg', 0, 55),
(180, '杭州卤鸭套餐', '59', '84', 10, '杭州卤鸭+油豆腐烧肉+番茄炒蛋+西南瓜+米饭150克', '', 'upload/53bde525401f1.jpg', 0, 53),
(182, '15元----椒盐明虾套餐', '63', '60', 15, '椒盐明虾+耗油排骨+毛毛菜+西南瓜炒蛋+150克米饭+水果', '', 'upload/53c3246520f4b.jpg', 0, 55),
(183, '10元B--海鲜酱肉片套餐', '59', '135', 10, '海鲜酱肉片+卤蛋+花菜+大白菜+150克米饭', '', 'upload/53c47f6c49509.jpg', 0, 53),
(186, '15元----水煮鱼套餐', '63', '100', 15, '水煮鱼+红烧排骨+毛毛菜+红烧茄子+水果+150克米饭', '', 'upload/53c47f33e44a1.jpg', 0, 55),
(187, '15元---玉米培根套餐', '63', '60', 15, '玉米培根+葱油鸡+j家常豆腐+蒜泥丝瓜+水果+150克米饭', '', 'upload/53d6f25c9f010.jpg', 0, 55),
(188, '雪菜鱿鱼套餐', '63', '0', 15, '雪菜鱿鱼+板栗鸡块+玉子豆腐+毛毛菜+150克米饭+水果', '', 'upload/53d99e293b803.jpg', 0, 55),
(189, '15元---椒盐明虾套餐', '63', '50', 15, '椒盐明虾+红烧排骨+毛毛菜+番茄炒蛋+150克米饭+水果', '', 'upload/53dc37f3abfd2.jpg', 0, 55);

-- --------------------------------------------------------

--
-- 表的结构 `jnlinfo`
--

CREATE TABLE IF NOT EXISTS `jnlinfo` (
  `id` int(11) NOT NULL AUTO_INCREMENT,
  `first` varchar(30) NOT NULL,
  `total` varchar(300) NOT NULL,
  PRIMARY KEY (`id`)
) ENGINE=InnoDB  DEFAULT CHARSET=utf8 AUTO_INCREMENT=237 ;

--
-- 转存表中的数据 `jnlinfo`
--

INSERT INTO `jnlinfo` (`id`, `first`, `total`) VALUES
(1, '20140327000003', '20140327000003'),
(2, '20140327000006', '20140327000006'),
(3, '20140327000007', '20140327000007'),
(4, '20140327000008', '20140327000008'),
(5, '20140327000009', '20140327000009'),
(6, '20140327000013', '20140327000013'),
(7, '20140327000015', '20140327000015'),
(8, '20140327000016', '20140327000016'),
(9, '20140327000017', '20140327000017'),
(10, '20140327000018', '20140327000018'),
(11, '20140327000019', '20140327000019'),
(12, '20140327000020', '20140327000020'),
(13, '20140327000021', '20140327000021'),
(14, '20140327000022', '20140327000022'),
(15, '20140327000023', '20140327000023'),
(16, '20140327000024', '20140327000024'),
(17, '20140327000027', '20140327000027'),
(18, '20140330000001', '20140330000001'),
(19, '20140330000002', '20140330000002'),
(20, '20140331000001', '20140331000001'),
(21, '20140331000002', '20140331000002'),
(22, '20140401000001', '20140401000001'),
(23, '20140401000002', '20140401000002'),
(24, '20140401000003', '20140401000003'),
(25, '20140401000004', '20140401000004'),
(26, '20140402000001', '20140402000001'),
(27, '20140402000002', '20140402000002'),
(28, '20140402000003', '20140402000003'),
(29, '20140403000003', '20140403000003'),
(30, '20140403000004', '20140403000004'),
(31, '20140403000004', '20140403000004'),
(32, '20140403000008', '20140403000008,20140403000009'),
(33, '20140404000001', '20140404000001'),
(34, '20140404000002', '20140404000002'),
(35, '20140404000003', '20140404000003'),
(36, '20140404000004', '20140404000004'),
(37, '20140404000005', '20140404000005'),
(38, '20140404000006', '20140404000006'),
(39, '20140404000007', '20140404000007'),
(40, '20140404000008', '20140404000008'),
(41, '20140404000009', '20140404000009'),
(42, '20140404000009', '20140404000009'),
(43, '20140404000010', '20140404000010'),
(44, '20140404000011', '20140404000011'),
(45, '20140404000012', '20140404000012'),
(46, '20140404000013', '20140404000013'),
(47, '20140404000014', '20140404000014'),
(48, '20140404000015', '20140404000015'),
(49, '20140404000016', '20140404000016'),
(50, '20140404000017', '20140404000017'),
(51, '20140404000018', '20140404000018'),
(52, '20140404000019', '20140404000019'),
(53, '20140404000020', '20140404000020'),
(54, '20140404000021', '20140404000021'),
(55, '20140404000022', '20140404000022'),
(56, '20140404000023', '20140404000023'),
(57, '20140404000024', '20140404000024'),
(58, '20140404000025', '20140404000025'),
(59, '20140404000026', '20140404000026'),
(60, '20140404000027', '20140404000027'),
(61, '20140407000001', '20140407000001'),
(62, '20140408000002', '20140408000002'),
(63, '20140408000003', '20140408000003'),
(64, '20140408000004', '20140408000004'),
(65, '20140408000005', '20140408000005'),
(66, '20140408000006', '20140408000006,20140408000007'),
(67, '20140408000008', '20140408000008'),
(68, '20140408000009', '20140408000009'),
(69, '20140409000001', '20140409000001'),
(70, '20140409000002', '20140409000002'),
(71, '20140409000003', '20140409000003,20140409000004'),
(72, '20140409000005', '20140409000005,20140409000006'),
(73, '20140409000007', '20140409000007'),
(74, '20140409000008', '20140409000008'),
(75, '20140409000011', '20140409000011'),
(76, '20140409000011', '20140409000011'),
(77, '20140409000012', '20140409000012'),
(78, '20140409000013', '20140409000013'),
(79, '20140409000016', '20140409000016'),
(80, '20140409000017', '20140409000017'),
(81, '20140409000018', '20140409000018'),
(82, '20140415000004', '20140415000004'),
(83, '20140415000008', '20140415000008'),
(84, '20140415000009', '20140415000009'),
(85, '20140415000014', '20140415000014,20140415000015'),
(86, '20140416000003', '20140416000003,20140416000004,20140416000005'),
(87, '20140416000008', '20140416000008'),
(88, '20140416000009', '20140416000009'),
(89, '20140416000017', '20140416000017'),
(90, '20140416000020', '20140416000020'),
(91, '20140417000004', '20140417000004'),
(92, '20140417000010', '20140417000010'),
(93, '20140417000011', '20140417000011'),
(94, '20140417000012', '20140417000012'),
(95, '20140417000013', '20140417000013'),
(96, '20140417000018', '20140417000018'),
(97, '20140421000013', '20140421000013'),
(98, '20140422000002', '20140422000002'),
(99, '20140424000018', '20140424000018'),
(100, '20140425000008', '20140425000008'),
(101, '20140425000017', '20140425000017'),
(102, '20140425000023', '20140425000023'),
(103, '20140428000001', '20140428000001'),
(104, '20140428000009', '20140428000009'),
(105, '20140429000011', '20140429000011,20140429000012'),
(106, '20140429000019', '20140429000019,20140429000020'),
(107, '20140430000012', '20140430000012'),
(108, '20140430000013', '20140430000013'),
(109, '20140503000001', '20140503000001'),
(110, '20140503000002', '20140503000002'),
(111, '20140504000001', '20140504000001'),
(112, '20140504000001', '20140504000001'),
(113, '20140504000001', '20140504000001,20140504000001'),
(114, '20140504000001', '20140504000001'),
(115, '20140507000001', '20140507000001,20140507000002,20140507000003,20140507000004'),
(116, '20140507000005', '20140507000005'),
(117, '20140507000006', '20140507000006'),
(118, '20140507000007', '20140507000007,20140507000008,20140507000009,20140507000010'),
(119, '20140507000011', '20140507000011'),
(120, '20140507000012', '20140507000012,20140507000013,20140507000014,20140507000015'),
(121, '20140507000016', '20140507000016'),
(122, '20140507000017', '20140507000017'),
(123, '20140508000002', '20140508000002'),
(124, '20140508000003', '20140508000003,20140508000004,20140508000005,20140508000006'),
(125, '20140508000016', '20140508000016'),
(126, '20140510000001', '20140510000001'),
(127, '20140512000001', '20140512000001'),
(128, '20140512000005', '20140512000005'),
(129, '20140512000014', '20140512000014'),
(130, '20140513000001', '20140513000001'),
(131, '20140513000002', '20140513000002'),
(132, '20140513000003', '20140513000003'),
(133, '20140515000004', '20140515000004'),
(134, '20140515000013', '20140515000013'),
(135, '20140516000001', '20140516000001'),
(136, '20140516000004', '20140516000004'),
(137, '20140516000012', '20140516000012'),
(138, '20140516000013', '20140516000013'),
(139, '20140516000014', '20140516000014'),
(140, '20140516000015', '20140516000015'),
(141, '20140518000001', '20140518000001'),
(142, '20140519000010', '20140519000010'),
(143, '20140519000015', '20140519000015'),
(144, '20140520000001', '20140520000001'),
(145, '20140520000002', '20140520000002'),
(146, '20140520000012', '20140520000012'),
(147, '20140520000013', '20140520000013'),
(148, '20140520000014', '20140520000014'),
(149, '20140521000009', '20140521000009'),
(150, '20140521000010', '20140521000010'),
(151, '20140522000004', '20140522000004'),
(152, '20140522000005', '20140522000005'),
(153, '20140522000008', '20140522000008'),
(154, '20140522000009', '20140522000009'),
(155, '20140522000016', '20140522000016'),
(156, '20140522000017', '20140522000017'),
(157, '20140522000018', '20140522000018'),
(158, '20140523000004', '20140523000004'),
(159, '20140526000006', '20140526000006'),
(160, '20140527000001', '20140527000001'),
(161, '20140527000008', '20140527000008'),
(162, '20140527000013', '20140527000013'),
(163, '20140528000001', '20140528000001'),
(164, '20140528000003', '20140528000003'),
(165, '20140528000011', '20140528000011'),
(166, '20140603000005', '20140603000005'),
(167, '20140603000006', '20140603000006'),
(168, '20140604000011', '20140604000011'),
(169, '20140605000007', '20140605000007'),
(170, '20140606000001', '20140606000001'),
(171, '20140609000003', '20140609000003'),
(172, '20140612000004', '20140612000004'),
(173, '20140613000003', '20140613000003,20140613000004,20140613000005'),
(174, '20140613000006', '20140613000006,20140613000007,20140613000008'),
(175, '20140613000009', '20140613000009,20140613000010,20140613000011'),
(176, '20140617000013', '20140617000013,20140617000014,20140617000015'),
(177, '20140618000005', '20140618000005'),
(178, '20140619000003', '20140619000003,20140619000004,20140619000005'),
(179, '20140619000006', '20140619000006,20140619000007,20140619000008'),
(180, '20140620000003', '20140620000003,20140620000004'),
(181, '20140620000005', '20140620000005,20140620000006'),
(182, '20140623000010', '20140623000010'),
(183, '20140626000005', '20140626000005'),
(184, '20140626000009', '20140626000009'),
(185, '20140627000002', '20140627000002'),
(186, '20140627000007', '20140627000007'),
(187, '20140630000002', '20140630000002'),
(188, '20140630000003', '20140630000003'),
(189, '20140630000006', '20140630000006'),
(190, '20140630000007', '20140630000007'),
(191, '20140630000008', '20140630000008'),
(192, '20140630000009', '20140630000009'),
(193, '20140630000010', '20140630000010'),
(194, '20140701000001', '20140701000001'),
(195, '20140702000005', '20140702000005'),
(196, '20140702000014', '20140702000014,20140702000015'),
(197, '20140704000003', '20140704000003'),
(198, '20140706000001', '20140706000001'),
(199, '20140706000002', '20140706000002'),
(200, '20140707000005', '20140707000005'),
(201, '20140707000007', '20140707000007'),
(202, '20140708000005', '20140708000005'),
(203, '20140708000006', '20140708000006'),
(204, '20140709000006', '20140709000006,20140709000007'),
(205, '20140709000008', '20140709000008,20140709000009'),
(206, '20140709000010', '20140709000010,20140709000011'),
(207, '20140709000012', '20140709000012,20140709000013'),
(208, '20140709000014', '20140709000014,20140709000015'),
(209, '20140709000020', '20140709000020,20140709000021'),
(210, '20140710000001', '20140710000001'),
(211, '20140710000009', '20140710000009,20140710000010'),
(212, '20140710000011', '20140710000011,20140710000012'),
(213, '20140711000003', '20140711000003,20140711000004,20140711000005'),
(214, '20140711000006', '20140711000006,20140711000007,20140711000008'),
(215, '20140711000009', '20140711000009,20140711000010,20140711000011'),
(216, '20140711000012', '20140711000012'),
(217, '20140711000013', '20140711000013'),
(218, '20140712000001', '20140712000001'),
(219, '20140714000006', '20140714000006,20140714000007'),
(220, '20140715000005', '20140715000005'),
(221, '20140715000006', '20140715000006'),
(222, '20140715000007', '20140715000007'),
(223, '20140715000008', '20140715000008'),
(224, '20140716000002', '20140716000002'),
(225, '20140721000001', '20140721000001'),
(226, '20140805000001', '20140805000001,20140805000002,20140805000003'),
(227, '20140806000001', '20140806000001,20140806000002'),
(228, '20140806000003', '20140806000003,20140806000004'),
(229, '20140806000005', '20140806000005,20140806000006'),
(230, '20140806000007', '20140806000007,20140806000008'),
(231, '20140806000009', '20140806000009'),
(232, '20140806000010', '20140806000010'),
(233, '20140806000011', '20140806000011,20140806000012'),
(234, '20140807000001', '20140807000001'),
(235, '20140807000002', '20140807000002'),
(236, '20140811000001', '20140811000001');

-- --------------------------------------------------------

--
-- 表的结构 `logininfo`
--

CREATE TABLE IF NOT EXISTS `logininfo` (
  `username` varchar(30) NOT NULL,
  `ssid` varchar(100) NOT NULL,
  `dep` varchar(30) NOT NULL,
  `cardid` varchar(20) NOT NULL,
  `cardmacid` varchar(30) NOT NULL,
  `name` varchar(30) NOT NULL,
  PRIMARY KEY (`username`)
) ENGINE=InnoDB DEFAULT CHARSET=utf8;

--
-- 转存表中的数据 `logininfo`
--

INSERT INTO `logininfo` (`username`, `ssid`, `dep`, `cardid`, `cardmacid`, `name`) VALUES
('0000215', 'AQIC5wM2LY4SfcxKuhaPXhHp8TnbHr/e8MYsH8TikJSFi1U=@AAJTSQACMDE=#', '房地产管理处行政设备办公室', '250110', '722445658', '姜雄晖'),
('0001331', 'AQIC5wM2LY4SfczeDo9V1BHTG4fPLm9x4lHDp9s2uY08REg=@AAJTSQACMDE=#', '发展联络办公室项目管理部', '250227', '362114862', '党颖'),
('0002023', 'AQIC5wM2LY4SfczcaprAIkJKpoBksT9SUajDtKGwTQ7rhvA=@AAJTSQACMDE=#', '控制科学与工程学系', '250248', '362633870', '刘兴高'),
('0005199', 'AQIC5wM2LY4Sfcw6th4KdDUP3D/Pz0bv7KxHlGwzPcItYvc=@AAJTSQACMDE=#', '综合管理办公室', '250875', '1273342012', '姚诚'),
('0006302', 'AQIC5wM2LY4SfcyQ88bEKT7DQPRAylAf0fWH/KGE4dBk4Dc=@AAJTSQACMDE=#', '浙江加州国际纳米技术研究院', '251318', '1274421116', '叶剑'),
('0007252', 'AQIC5wM2LY4SfczprbjrjXgTG2UvP/Qt4KLbk8MsCvPyrOU=@AAJTSQACMDE=#', '医学院党政办公室', '251571', '847084892', '宋琦琳'),
('0008379', 'AQIC5wM2LY4SfczoUlq1v0y2Wcdjyu7qSW52JwBLyl0JGfo=@AAJTSQACMDE=#', '环境与资源学院党政办公室', '247868', '3650594925', '周黎'),
('0008427', 'AQIC5wM2LY4SfcxhU2R0435XEBURFxJkttxYxhSWa67kkKQ=@AAJTSQACMDE=#', '农业与生物技术学院研究生教育科', '249264', '3997145066', '谢好'),
('0009099', 'AQIC5wM2LY4Sfcx2i/eTBWHh0eKgO5KIqLZTFnu3LeUeG34=@AAJTSQACMDE=#', '外事处', '268781', '3651003442', '庞抒'),
('0009327', 'AQIC5wM2LY4SfcyVYWhy3CF4nHB+im+UzDjr2vOJTHwegjw=@AAJTSQACMDE=#', '研究生工作部学籍管理办公室', '265084', '2306597902', '徐敏娜'),
('0009360', 'AQIC5wM2LY4SfcyeW1BAUHZyDl1jwnxNBHFV0exJcG46voc=@AAJTSQACMDE=#', '动物科学学院组织人事科', '289372', '407673947', '陈瑶'),
('0009369', 'AQIC5wM2LY4Sfcx8+5diMxnGjwkSQFGqFT6u9u0tt75gmrc=@AAJTSQACMDE=#', '医学院', '263986', '1969500572', '娄绘芳'),
('0009374', 'AQIC5wM2LY4SfcycnAwGk5ESE5lwOH63stym+mmfGXn7hmA=@AAJTSQACMDE=#', '发展联络办公室', '291674', '3142798076', '刘敏'),
('0010300', 'AQIC5wM2LY4SfcyZt6R7+bZTTGX5o3RD/Ok/KE1SuPbGixk=@AAJTSQACMDE=#', '其他', '276224', '3142966828', '夏总平'),
('0010309', 'AQIC5wM2LY4SfcxT4y6UYs/YBbT5dr3XocV5MB35Odz4sec=@AAJTSQACMDE=#', '本科生院', '291856', '3142980924', '王琎'),
('0010363', 'AQIC5wM2LY4Sfcwnmvowig80d+ZSF5vJx6RZzXJbq/axFAw=@AAJTSQACMDE=#', '房地产管理处', '295659', '412705019', '赵莹'),
('0010397', 'AQIC5wM2LY4SfczeGWERh5PPHzraFJ0qfcrm+Ts9Awd6jSY=@AAJTSQACMDE=#', '继续教育管理处外联与发展办公室', '223847', '2903149310', '严玲'),
('0010399', 'AQIC5wM2LY4SfcwTTPWz1I433Ni5rbYHczpG0jlhM1/iCMY=@AAJTSQACMDE=#', '化学系', '14348', '2517524998', '赵璇'),
('0010444', 'AQIC5wM2LY4Sfcxt7vT7m5MCpnqHWdEF4jJVks8dpbg7LwM=@AAJTSQACMDE=#', '外事处', '242463', '30065244', '孙菲菲'),
('0010517', 'AQIC5wM2LY4Sfcx0TBT96anREBg4joIQVbDw7f7SJhvyjNE=@AAJTSQACMDE=#', '化学系', '279683', '362424366', '石晓彤'),
('0011306', 'AQIC5wM2LY4Sfcwp+j1xWjozuiT1PKCcKP4TVsf2Wmi01FA=@AAJTSQACMDE=#', '国际教育学院学位生管理办公室', '268188', '408134699', '叶文'),
('0011351', 'AQIC5wM2LY4SfcyxUt+XsRuU7AIBd4XugwYeOPUg+MRtBTY=@AAJTSQACMDE=#', '生物系统工程与食品科学学院团委', '244101', '362296926', '陈晶妍'),
('0012081', 'AQIC5wM2LY4Sfcx2wfdpo9f3xR/JFYTuT+MUtLE9gTLC1KY=@AAJTSQACMDE=#', '其他', '412768', '2087937642', '李爽'),
('0012180', 'AQIC5wM2LY4SfczrKYO+0pMW80LdLzQe3MNmLklBHwlDUiI=@AAJTSQACMDE=#', '土水资源与环境研究所', '411933', '2086357146', '李勇'),
('0012301', 'AQIC5wM2LY4Sfcx7zGACc1RE/7vzD0Jp3Ibk1lI83pVwJQ4=@AAJTSQACMDE=#', '房地产管理处综合办公室', '258571', '722681386', '杜柠'),
('0012304', 'AQIC5wM2LY4Sfczm/B73YBIgG1K5AetBBQllX+I3iAwrpOg=@AAJTSQACMDE=#', '化学系', '249804', '2067755149', '袁银霞'),
('0012350', 'AQIC5wM2LY4SfcwCNBV1pUX5ypwGQZOGMsSeSkoUZN+zChw=@AAJTSQACMDE=#', '采购中心', '247176', '722524170', '刘员'),
('0012389', 'AQIC5wM2LY4SfcyHMW3yssOev5Da5jNZXXd+tO4ADtyWfKo=@AAJTSQACMDE=#', '继续教育管理处外联与发展办公室', '411144', '2076039789', '熊晶蕾'),
('0012402', 'AQIC5wM2LY4SfczwgN1Rqo33siI59FPx+3Row4ZKLiOT3vw=@AAJTSQACMDE=#', '竺可桢学院', '411329', '721903850', '林德森'),
('0012408', 'AQIC5wM2LY4SfczxyqfZyjSeoWPnbOyGxQiJIwIbCFA9SUc=@AAJTSQACMDE=#', '学生思想教育办公室', '411325', '722021978', '蒋莹'),
('0013109', 'AQIC5wM2LY4SfczWORbViAcRjupIJ5PbqLW6MfpSPIYHG84=@AAJTSQACMDE=#', '生命科学研究院', '413710', '407641307', '宋海'),
('0013124', 'AQIC5wM2LY4SfcynBKMwVmoDyNKh9murHl4lo7F1KXb+L1o=@AAJTSQACMDE=#', '生命科学研究院', '414003', '3646967741', '贾俊岭'),
('0013303', 'AQIC5wM2LY4SfcxIV7u9vQDYYWsCMSpscZy5FolzzjRCiL8=@AAJTSQACMDE=#', '继续教育管理处', '411882', '2086737290', '柳樨'),
('0013321', 'AQIC5wM2LY4Sfczcp1pB5TubGErT8mclPPFt1ndd3wnDkAA=@AAJTSQACMDE=#', '其他', '411852', '721963450', '梁立'),
('0013327', 'AQIC5wM2LY4SfcxrkTRxDlthfyrN0S3eCsmxOqtMONOv/8w=@AAJTSQACMDE=#', '动物科学学院党政办公室', '411859', '3651874221', '汤甜甜'),
('0013383', 'AQIC5wM2LY4SfcxKieP+4AF25Vw4wjy5x01d9vGRxmKbxe4=@AAJTSQACMDE=#', '生物系统工程与食品科学学院团委', '410971', '412618027', '夏平'),
('0013416', 'AQIC5wM2LY4SfcwhMg0hvN0yhex6BtP9UTZ33fa15sUgQp0=@AAJTSQACMDE=#', '本科生院', '413053', '3466371754', '赵津婷'),
('0013417', 'AQIC5wM2LY4SfcwOt7mHmjTzZX6tMEYQTEbtv2mhkhfEEqI=@AAJTSQACMDE=#', '其他', '413030', '407713307', '吴赟'),
('0013846', 'AQIC5wM2LY4SfcyTDX1IBTQU3W7Iziae0BWY5YSKCQMquB4=@AAJTSQACMDE=#', '环境与资源学院', '410745', '408331067', '胡家元'),
('0013958', 'AQIC5wM2LY4SfcyPLNLSkgCZcE1VWsMraeKSA70wHtyuIl8=@AAJTSQACMDE=#', '环境与资源学院环境工程系', '413907', '3649801181', '孙法迁'),
('0014254', 'AQIC5wM2LY4SfcwyIY0zyG4BySX/HT4nG1Lr0T7R/AA/GT8=@AAJTSQACMDE=#', '房地产管理处', '414074', '3650143613', '王雪'),
('0014297', 'AQIC5wM2LY4Sfcy9sC+j6uqzmbwFsyZIQrKz49GU/kSD+e4=@AAJTSQACMDE=#', '其他', '414521', '2074576237', '俞滨'),
('0078625', 'AQIC5wM2LY4SfcyqbYJmrI0hHfLAVVn3g22umtCPDgfZpm0=@AAJTSQACMDE=#', '其他', '253021', '722790746', '黄欣欣'),
('0079335', 'AQIC5wM2LY4SfcwlGYKxgvExjPJrKGPHSnRmtIp7lAhzTH8=@AAJTSQACMDE=#', '医学院学生工作办公室', '253254', '1139693372', '斯贞望'),
('0082410', 'AQIC5wM2LY4Sfcw3bOqqXcBu0uerU53JUJMaxUdATmgdN40=@AAJTSQACMDE=#', '其他', '253887', '1175058012', '李静'),
('0083111', 'AQIC5wM2LY4SfcxNmUFlwzutUlCHcGHYE/c/ViOEUl/w4/4=@AAJTSQACMDE=#', '管理学院行政管理办公室', '253952', '1175097772', '陈旭东'),
('0085310', 'AQIC5wM2LY4SfcyD2R9EzIwKK30uWnbsIaNzmdJ5jikaaWk=@AAJTSQACMDE=#', '校长办公室', '254477', '1175214332', '陈悦'),
('0085376', 'AQIC5wM2LY4SfcxsyySZXb04La6Dgs+KFu4ZUgE5neE/uzA=@AAJTSQACMDE=#', '经济学院本科与成人教育科', '254524', '2087874314', '戴超琴'),
('0085530', 'U3luQ2FyZF8yNTQ2NDFfMjAxNDA1MjIxNDA5MzI1NjI1', '饮食服务中心', '254641', '1175185084', '戴爱敏'),
('0086110', 'AQIC5wM2LY4SfcyFBGGBGYHsz75O3KoYyem5wpgTVYWgxJQ=@AAJTSQACMDE=#', '计划财务处综合管理办公室', '254733', '1175107180', '柳国伟'),
('0086179', 'AQIC5wM2LY4SfcxP1oPfNp47h+Qmb3+v9Z4EDv9qlhwMEvk=@AAJTSQACMDE=#', '生命科学学院院机关', '254768', '1175325356', '王勇'),
('0086454', 'AQIC5wM2LY4Sfcxs5WvNBglZLKKQKiW4zdV+tC11fCPXUVw=@AAJTSQACMDE=#', '校医院', '254944', '3650069213', '杨仁志'),
('0087221', 'AQIC5wM2LY4SfcxkADMT/jpJvNGPz5Eu9E6aaDW4nFexFiU=@AAJTSQACMDE=#', '校医院校医院华家池校区分院', '255105', '1175235292', '周晓霞'),
('0087261', 'AQIC5wM2LY4SfczVUPFLP6tldUSEhGmgpPhUd3dy+cc22Ic=@AAJTSQACMDE=#', '接待服务中心', '255132', '1175368588', '严昕'),
('0087308', 'AQIC5wM2LY4SfcwiZ+St4PtEexVTSsf9YX9m+Ke6x9x0Mv4=@AAJTSQACMDE=#', '发展联络办公室国内发展部', '255164', '2903102894', '孙惠红'),
('0087444', 'AQIC5wM2LY4SfcxSrSFogAMshxY1w2zeFJRaMtD63/GPuIE=@AAJTSQACMDE=#', '动物实验中心', '255252', '409991147', '傅军'),
('0087457', 'AQIC5wM2LY4SfczE1ctRw2bad93Jg7eDhBrRFAWoc5OKfp4=@AAJTSQACMDE=#', '化学系', '255260', '1175061308', '吴百乐'),
('0087495', 'AQIC5wM2LY4SfcySabj4MZ092YwUt9H8kK9U5M7jTeaEMeY=@AAJTSQACMDE=#', '药学院科研与开发科', '255282', '410719419', '王立明'),
('0088070', 'AQIC5wM2LY4SfczGgHNAAd6joIuA+6HiOt3eSfZ5p4Z+Gs8=@AAJTSQACMDE=#', '化学系', '255354', '1274596364', '梁楠'),
('0089157', 'AQIC5wM2LY4Sfcyu+lkm/8giM+CmuzGEhzlfoqUtpOuUMok=@AAJTSQACMDE=#', '保卫处校卫队管理办公室', '255628', '440780382', '韦朝阳'),
('0089181', 'AQIC5wM2LY4SfczKxQ6H4BzXyo9/0ghh9YZs3w563YiZo+o=@AAJTSQACMDE=#', '饮食服务中心', '255645', '3650666253', '孙谷珍'),
('0089194', 'AQIC5wM2LY4SfczAZVTrSxhDEfRTy1fiKgMZQCCoPCBLzX4=@AAJTSQACMDE=#', '动物科学学院院机关', '255650', '525657404', '郝丽萍'),
('0090000', 'AQIC5wM2LY4SfcwvyQw+qHWw8NsxIGt7GGit5rkULIobnuw=@AAJTSQACMDE=#', '农业与生物技术学院农学系', '255763', '1445680972', '邬飞波'),
('0090052', 'AQIC5wM2LY4SfczCqlZusgde03vKInXMdXrXUVhuwx523S4=@AAJTSQACMDE=#', '信息中心', '255790', '2849915337', '叶镒娟'),
('0090299', 'AQIC5wM2LY4SfcwL8T/XhmiYL6Bf8+qN8LV39EICpUrypAA=@AAJTSQACMDE=#', '其他', '255946', '1175152428', '石巍'),
('0091259', 'AQIC5wM2LY4Sfcwi1Z3iz45VQbWAdAGOLt72MzhSfnwdln0=@AAJTSQACMDE=#', '生物系统工程与食品科学学院生物系统工程系', '256080', '1175212604', '陶雪梅'),
('0093352', 'AQIC5wM2LY4SfczxD8/SrAdjX2s5K+k3oDRN9IiWnOISNtg=@AAJTSQACMDE=#', '管理学院院机关', '256710', '525718876', '朱纪平'),
('0094272', 'AQIC5wM2LY4SfcwUbkeCItW08l82sLWu/EfpbnFfbHUS0M0=@AAJTSQACMDE=#', '农业与生物技术学院党政办公室', '256941', '525494028', '赵小俊'),
('0095214', 'U3luQ2FyZF8yNTcyMTlfMjAxNDA0MDkwODQ2MTE5Njg3', '生命科学学院生物技术系', '257219', '1274533612', '严庆丰'),
('0095297', 'AQIC5wM2LY4SfcylbUSFPCE1g+A9AH3vpU+iEkzrdYyJUhY=@AAJTSQACMDE=#', '农业与生物技术学院组织人事科', '257281', '525708028', '马永芳'),
('0095302', 'AQIC5wM2LY4Sfcxp5upX38hcQx5rfxD2sTMTWgRTXgcDt0o=@AAJTSQACMDE=#', '动物科学学院', '257286', '525475404', '王建军'),
('0095524', 'AQIC5wM2LY4SfcxlQhjfkusAjEsmK43gGnI2VfG4HSiNKI4=@AAJTSQACMDE=#', '公共卫生系', '257433', '3143060044', '杨敏'),
('0096273', 'AQIC5wM2LY4SfcxYMwN5sHtcQK3QdJGw4Arbyl1YUVwPYF4=@AAJTSQACMDE=#', '生物系统工程与食品科学学院党政办公室', '257604', '2902792014', '田红萍'),
('0097139', 'AQIC5wM2LY4SfcwPtNDbojU31f06hEVRA7tQgIgj3iNMd5Y=@AAJTSQACMDE=#', '管理学院企业管理系', '257860', '410687963', '徐明'),
('0097260', 'AQIC5wM2LY4SfcwfVvfU+zk8MM9ev/Egv7whREfZzKQ4ELg=@AAJTSQACMDE=#', '生物系统工程与食品科学学院本科与成人教育', '257931', '2086362650', '冯水娟'),
('0097395', 'U3luQ2FyZF8yNTgwMTlfMjAxNDA0MDQxMzMyMTQ2NTYy', '信息中心', '258019', '2902131438', '徐锋'),
('0098228', 'AQIC5wM2LY4SfczmpUt802+ZvtC+nGxELNJn6U/FDxPBU9w=@AAJTSQACMDE=#', '物理学系', '258217', '2087869802', '潘国卫'),
('0098508', 'U3luQ2FyZF8yOTM4NzFfMjAxNDA0MTQxMTQyMTc3ODEy', '饮食服务中心', '293871', '2851103129', '许萌'),
('01012432', 'U3luQ2FyZF80MTA2NzZfMjAxNDA0MDQxMjAzNTQ2NTYy', '国际教育学院', '410676', '408286683', '陈南菲'),
('0712011', 'AQIC5wM2LY4Sfcxr6uUU6Y8KBSVwGFqVWdowfysdlEkXJak=@AAJTSQACMDE=#', '校外单位', '228120', '722341210', '钱俊'),
('0714006', 'AQIC5wM2LY4Sfcy5VhFqSKnZmbh+tHL1ilg40QEnTp6e3zw=@AAJTSQACMDE=#', '校外单位', '414179', '3650336445', '梅俊超'),
('0714007', 'AQIC5wM2LY4SfcxPgpOXbbJFQoKKPQj9lPLtTaVWoSD02Vk=@AAJTSQACMDE=#', '校外单位', '414126', '2074452893', '方令超'),
('0905455', 'U3luQ2FyZF8yNTkxMzdfMjAxNDA0MTcxNDI4NTkwOTM3', '校医院', '259137', '3143592524', '朱贤玲'),
('0906548', 'U3luQ2FyZF8yMzYyMjVfMjAxNDA0MTAwODQ1MTQ0NTMx', '建筑材料研究所', '236225', '319736094', '赖晓静'),
('0907425', 'U3luQ2FyZF8yNTg4NDlfMjAxNDA0MDkxMDEyMTE1OTM3', '管理学院', '258849', '2803839004', '卓瑜'),
('0907638', 'AQIC5wM2LY4Sfcwe1VDbvbrDSetU6ziIsdq0kgJ7MrO+S1U=@AAJTSQACMDE=#', '科研院', '236604', '496540762', '何燕'),
('0908056', 'AQIC5wM2LY4SfczLn94sraH+IUaIAx3S4dbQa+/aMAD2260=@AAJTSQACMDE=#', '其他', '258861', '2803602940', '薛婷婷'),
('0908115', 'AQIC5wM2LY4Sfcyy2OIzVZ/yJDTemLt32nHFinrTLqygBd4=@AAJTSQACMDE=#', '公共管理学院', '258835', '2902829406', '姚杰'),
('0908125', 'U3luQ2FyZF8yNTkyMDZfMjAxNDA0MTcwOTU5MzM4NzUw', '图书与信息中心', '259206', '2803922204', '胡婷娜'),
('0909119', 'AQIC5wM2LY4SfczzZNox44qjmGxf7XFLLeBAU8KpsvbHaVA=@AAJTSQACMDE=#', '其他', '271926', '1545766716', '王雅秋'),
('0909803', 'U3luQ2FyZF8yNTk4NDFfMjAxNDA1MDMwOTI4MjA0NTMx', '校医院', '259841', '2902948910', '钟艳萍'),
('0910036', 'AQIC5wM2LY4SfcxEQI1mSVe32niFR/Lqtom8eH7L1q/xGgI=@AAJTSQACMDE=#', '发展联络办公室', '294529', '1930579834', '周爱华'),
('0910102', 'AQIC5wM2LY4SfcybgE1vl6mkwqpcnZ9klKRdriq83VuurRk=@AAJTSQACMDE=#', '生命科学研究院', '239857', '1377902700', '刘影'),
('0910116', 'AQIC5wM2LY4SfcwtanrBZ9GQwNEKAePKj/oL3zoM94rv4Xw=@AAJTSQACMDE=#', '水环境研究院', '295738', '1377891804', '黄荣浪'),
('0911156', 'AQIC5wM2LY4SfcxNcjuJA98Z455jLtl7R9VLfP85P7wv7CQ=@AAJTSQACMDE=#', '环境与资源学院', '262839', '2903257998', '胡珍荣'),
('0911397', 'AQIC5wM2LY4SfczYkfPc0Sa6YYveJ4uYFMa3e6pfYRCMUS4=@AAJTSQACMDE=#', '管理学院', '261444', '319786686', '杨明园'),
('0912288', 'AQIC5wM2LY4SfczjSxvXks8cfxzBRXS2BTTSxLebwRbE6nI=@AAJTSQACMDE=#', '管理学院', '412072', '2902748238', '王贞玉'),
('0912343', 'AQIC5wM2LY4SfczWeBD4UYAqVoA5yx/o09M8V3AmRxlp/O0=@AAJTSQACMDE=#', '图书与信息中心', '412183', '2902029694', '许彩娥'),
('0912445', 'U3luQ2FyZF80MTA4ODdfMjAxNDA2MTExMDM0MzYwMTU2', '环境与资源学院', '410887', '2903262238', '杨晴怡'),
('0912583', 'AQIC5wM2LY4SfczmeK22oYPDaJ92jWud0cNB6GuAKsPjtnc=@AAJTSQACMDE=#', '社会科学研究院', '225213', '662612250', '王舒怡'),
('0912709', 'U3luQ2FyZF8yNTUxMjVfMjAxNDA0MDgxNjI5NDA4NDM3', '校医院', '255125', '2903345486', '李聪'),
('0913026', 'AQIC5wM2LY4SfcwZgtHgoRKsLl5EgML+UHXW/xaWscPUpts=@AAJTSQACMDE=#', '其他', '293655', '1931679514', '孙健伟'),
('0913143', 'U3luQ2FyZF80MTMyNjVfMjAxNDA3MTExMjQ2NTczMjgx', '图书与信息中心', '413265', '2902646590', '何青青'),
('0913349', 'AQIC5wM2LY4Sfcybhx6lhsgYOVMgx/ThTMlyXKUmj7eANdE=@AAJTSQACMDE=#', '其他', '413460', '662031162', '李霞玲'),
('0913381', 'AQIC5wM2LY4Sfcw94VODOXsAm7kh+aQE5rF1R1lPKuTUnpg=@AAJTSQACMDE=#', '其他', '413701', '1930603322', '贺徐蜜'),
('0914012', 'AQIC5wM2LY4SfcwiS38jrgWb03E/50xfA4P77f/6FvJcI1Y=@AAJTSQACMDE=#', '环境与资源学院', '414202', '2902436686', '王宁'),
('0914048', 'AQIC5wM2LY4SfcwVnUdkVWkVW6ga0MtWdC7ArLZF+YF/fZc=@AAJTSQACMDE=#', '生命科学研究院', '414421', '2903419006', '贾丹梅'),
('10707013', 'AQIC5wM2LY4SfcwTpV43yGbG7veEGh+ik/8GTiaC/KNna5k=@AAJTSQACMDE=#', '农业与生物技术学院', '268293', '397826588', '陈晓龙'),
('10814008', 'AQIC5wM2LY4Sfcy0EK7/+cdTmC9ie2m5iF3dN/8orKb+NU4=@AAJTSQACMDE=#', '环境与资源学院', '247184', '3143075596', '郭晓慧'),
('1088230033', 'AQIC5wM2LY4Sfczh8BFPvWOa4S7XueonVhntk4hs2l655Yc=@AAJTSQACMDE=#', '技术物资服务中心', '242298', '2803793948', '楼冬量'),
('1088280018', 'AQIC5wM2LY4Sfcxjxj6nRJ3UXvnuB8CUipggl3aKKLdriHE=@AAJTSQACMDE=#', '饮食服务中心', '249318', '2803643100', '梁晓珍'),
('1098200200', 'AQIC5wM2LY4Sfcy04sthDEgpZQiZ6MGQOzMDW9W6En+M9+8=@AAJTSQACMDE=#', '饮食服务中心', '293867', '1377627436', '严欢'),
('1099200201', 'U3luQ2FyZF8yNzk0MTBfMjAxNDA0MDQxMTEyMjI4Mjgx', '校医院', '279410', '1931424234', '周炜'),
('1108200113', 'U3luQ2FyZF8yNjYyMjFfMjAxNDA0MjUxNjI2NTc3MDMx', '饮食服务中心', '266221', '2902478318', '朱伟慧'),
('11114018', 'AQIC5wM2LY4SfczcFbq2W8tv7DYAX2xBU1NK64jsgmF+zIA=@AAJTSQACMDE=#', '环境与资源学院', '348864', '362956702', '黄皓？'),
('11114021', 'AQIC5wM2LY4Sfcwuxnfi7Ik25guWAvqV3KiFfufO46HK2J4=@AAJTSQACMDE=#', '环境与资源学院', '348867', '2903458766', '戴中民'),
('11114033', 'AQIC5wM2LY4SfcwWYXblDKS7fvxqd/vQ+ih1zrJjTqLSksE=@AAJTSQACMDE=#', '环境与资源学院', '348879', '548576734', '彭程'),
('11119015', 'AQIC5wM2LY4SfcxCu+Yn1D6qYaUnFsiac5X87Pl++HSnYRM=@AAJTSQACMDE=#', '药学院', '349236', '548610318', '黄冰'),
('1118200310', 'AQIC5wM2LY4SfczikkjZN+D0KF71T5cTsRHbzdQYyGQAF7U=@AAJTSQACMDE=#', '技术物资服务中心', '227683', '30064172', '邹成星'),
('1118200514', 'AQIC5wM2LY4Sfczu6XUBsOfLUXORFmLHJR8Te7UiM4QTn1s=@AAJTSQACMDE=#', '饮食服务中心', '293871', '2851103129', '许萌'),
('11207034', 'AQIC5wM2LY4Sfcx6KfJbvCtcuUmvQQf8/u3xDCXEp09Xdgw=@AAJTSQACMDE=#', '生命科学学院', '443234', '2074011709', '高芬'),
('11214027', 'AQIC5wM2LY4Sfcwn+sj6Z4FrKO+iInHrmYqtavrmpYXOUvg=@AAJTSQACMDE=#', '环境与资源学院', '441914', '722554090', '苏晓梅'),
('11214028', 'AQIC5wM2LY4SfcxmVGDGCLG8EHXuXy5WAm5XCss47Gwzc7A=@AAJTSQACMDE=#', '环境与资源学院', '441915', '2851042153', '聂泽宇'),
('11214031', 'AQIC5wM2LY4Sfcxv7Nrx/gSnQtxdvg6hsqn6jS6f0XTd1Zk=@AAJTSQACMDE=#', '环境与资源学院', '441918', '722284794', '胡金星'),
('11218060', 'AQIC5wM2LY4SfcwEgpYoOuU8BVMCU9292QkNROZiZs7c9nA=@AAJTSQACMDE=#', '医学院', '442130', '722647626', '梁静静'),
('11219013', 'AQIC5wM2LY4SfcxpaGORBJiYJuAGKgHzvf1Q4uP0L+8R/c8=@AAJTSQACMDE=#', '药学院', '442358', '2073838781', '李黎明'),
('11314004', 'AQIC5wM2LY4SfcxCbykRk2D6h3FUys2zG5GtTx+aFmkctC8=@AAJTSQACMDE=#', '环境与资源学院', '462818', '2086475130', '朱为静'),
('11318068', 'U3luQ2FyZF80NDA2MzBfMjAxNDA3MjQwOTM5MTUxMjUw', '其他', '440630', '3649634541', '郭晓红'),
('11319044', 'AQIC5wM2LY4SfcxTsJ18KMD1+v2+7xd8MjMAFI0MXOdwKo0=@AAJTSQACMDE=#', '药学院', '440867', '2087886042', '杨立莉'),
('11414012', 'AQIC5wM2LY4Sfcz0zAqDDGYbF1Nv0jU46+lGX/SGV+Zq+TM=@AAJTSQACMDE=#', '其他', '486576', '2067459117', '徐小亚'),
('11418046', 'AQIC5wM2LY4SfczBxJxVCLHnPq1uKnsRDdGrPxtdkOi/7IM=@AAJTSQACMDE=#', '其他', '433592', '268273063', '李潇'),
('1148200048', 'AQIC5wM2LY4Sfcz0YvKpkvXXCcsgOH1Z/e0ITO/tyg/2ld4=@AAJTSQACMDE=#', '饮食服务中心', '293868', '2902723566', '魏波'),
('1148200167', 'AQIC5wM2LY4SfcwkdcGVQxcv2X9Xk8DFaxOWjoLGZlvu9Y0=@AAJTSQACMDE=#', '后勤集团（杭州浙大同力后勤集团有限公司）', '293852', '1930356490', '毛国伟'),
('12345678', 'U3luQ2FyZF83MTdfMjAxNDA1MDcwOTA1NDg3NjU2', '附属邵逸夫医院', '717', '2889070777', '范希平'),
('2007011', 'U3luQ2FyZF8yOTM4NDlfMjAxNDA4MDUwOTQyMjMyMTg3', '', '293849', '3590036521', '吴群明'),
('21007076', 'AQIC5wM2LY4Sfcx5L9C7ydaaE3um/xIwMA2MgOL2+K8nkJI=@AAJTSQACMDE=#', '生命科学学院', '367595', '361779742', '兰翔'),
('21118334', 'AQIC5wM2LY4SfcwOHNuuQ5JbDHnvNnUH+PHVS4T1fsMCHq4=@AAJTSQACMDE=#', '医学院', '345997', '2902221582', '吴爱玲'),
('21120275', 'AQIC5wM2LY4SfcyYJdjpOkBl2LXW91cikQRA9s6uOoAbEFU=@AAJTSQACMDE=#', '管理学院', '346345', '362265742', '吴兴华'),
('21213020', 'AQIC5wM2LY4Sfcza2HFX6U2PHjENUS5Qi/L67Xk0SACtfwI=@AAJTSQACMDE=#', '生物系统工程与食品科学学院', '436086', '2074748733', '宋星霖'),
('21214035', 'AQIC5wM2LY4Sfcw+pLExp6zF6Ae1yT2e1RCm3fKXu74sqi0=@AAJTSQACMDE=#', '环境与资源学院', '436184', '689993578', '李天均'),
('21214038', 'AQIC5wM2LY4Sfcx2IyICh43lp+KvWhp4aot8T9GbjLRl61Y=@AAJTSQACMDE=#', '环境与资源学院', '436187', '2089479146', '倪群丽'),
('21214039', 'AQIC5wM2LY4SfcxAgRV9f1YZKwiMNdP6/i+mx8EjDCt8YFI=@AAJTSQACMDE=#', '环境与资源学院', '436188', '690010090', '冯佳蓓'),
('21214057', 'AQIC5wM2LY4SfcxtvDmh6En4POR4ggHDHGTpG6X1VauREoY=@AAJTSQACMDE=#', '环境与资源学院', '436206', '722137034', '张谦'),
('21214070', 'AQIC5wM2LY4SfcxKlfR4E0lQHUTGA0zufQGbW4zur/Nz44M=@AAJTSQACMDE=#', '环境与资源学院', '436219', '689590218', '江霞萍'),
('21214072', 'AQIC5wM2LY4SfcyADEINun11q+0mVMUduepatl3DA6C5e5E=@AAJTSQACMDE=#', '环境与资源学院', '436221', '3466382986', '羊嘉文'),
('21216001', 'AQIC5wM2LY4Sfcy28XsXInZCCI2YVB8Rkga0+sB9Jxcu3M4=@AAJTSQACMDE=#', '农业与生物技术学院', '436392', '689682634', '曹琳鸽'),
('21216177', 'AQIC5wM2LY4Sfcz9AMGFyHp0keIsvXdULnlzN01CgWx8QVM=@AAJTSQACMDE=#', '农业与生物技术学院', '436568', '722813978', '马晓楠'),
('21314027', 'AQIC5wM2LY4Sfcwqlb9qeGnig7BToJbKtvsHGDrXH3dvr+w=@AAJTSQACMDE=#', '环境与资源学院', '476242', '2074596973', '姚玲丹'),
('21314075', 'AQIC5wM2LY4SfcwD6d/so3IJWYVA7AtOgzbCztFcQGbiIgk=@AAJTSQACMDE=#', '环境与资源学院', '476290', '2074037645', '刘殷东'),
('21314100', 'AQIC5wM2LY4SfcxPIvaEg7Fyl76aW8Q0L4IEyC6SqooSSL8=@AAJTSQACMDE=#', '环境与资源学院', '476315', '3655176525', '潘红'),
('21316020', 'U3luQ2FyZF80NzY0NzVfMjAxNDA2MTcxMTMyMDI0MDYy', '农业与生物技术学院', '476475', '3649265533', '张艺瑶'),
('21316119', 'U3luQ2FyZF80NzY1NzRfMjAxNDA4MDQxMDM5MjY1MTU2', '农业与生物技术学院', '476574', '3650361053', '刘凯丽'),
('21318299', 'AQIC5wM2LY4SfcxhPfJ1ZSCq4FQxDTKmNQcErBYN1ujE8bM=@AAJTSQACMDE=#', '医学院', '477041', '2075429965', '李小玲'),
('21319032', 'AQIC5wM2LY4SfczfNwfNBet+I7VoJ6mvmZVqIb6SVycVXyQ=@AAJTSQACMDE=#', '药学院', '477076', '3651788221', '陈芝兰'),
('21319057', 'U3luQ2FyZF80NzcxMDFfMjAxNDA4MDUxODA1Mzg1OTM3', '药学院', '477101', '3653940445', '姚梦竹'),
('21407025', 'AQIC5wM2LY4Sfczz1GTgK9pJixAuvXNkSlBP6+8IPnRHpTw=@AAJTSQACMDE=#', '其他', '419074', '3225484068', '李梦'),
('21419042', 'AQIC5wM2LY4Sfcwl1nd0qZYA/jbnpxu09n6T/OqglwKDcbQ=@AAJTSQACMDE=#', '其他', '421278', '971166695', '皇甫铭一'),
('3080103739', 'AQIC5wM2LY4SfczpCfGoUbZzrDCw2T2pcklhdBgTxI0momQ=@AAJTSQACMDE=#', '计算机科学与技术学院', '242066', '45182578', '朱晓伟'),
('3100100268', 'AQIC5wM2LY4SfcxmFk8SDCpGGE8SQr3hFF13IswDT8mdMow=@AAJTSQACMDE=#', '农业与生物技术学院', '362231', '361930702', '高黎丹'),
('3100101204', 'AQIC5wM2LY4SfcxIWzgFJV6sF+2/AWXUh+mNTB+uLgIX5W4=@AAJTSQACMDE=#', '公共管理学院', '363153', '30180764', '陈鑫'),
('3100104327', 'AQIC5wM2LY4SfczIxT/RS7GRzmycwzOx1tEpPE85LIldXaI=@AAJTSQACMDE=#', '生命科学学院', '366292', '1548799484', '刘盛铎'),
('3120000019', 'AQIC5wM2LY4SfcwKHgnW9384e3pQMF5/MCen3tsZQow9gKo=@AAJTSQACMDE=#', '计算机科学与技术学院', '430015', '000000375765', '王凯'),
('3120000180', 'AQIC5wM2LY4SfcxUAiVGQtnqd/SNUIaui+e1L2gUS0UYvDU=@AAJTSQACMDE=#', '求是学院', '430154', '722714714', '杨斯杰'),
('3120000419', 'AQIC5wM2LY4SfcwRdCaIn2X1MeCQFoUucvZWLfbHrT97KNY=@AAJTSQACMDE=#', '求是学院', '430356', '722012650', '尹嘉权'),
('3120000598', 'U3luQ2FyZF80MzA1MDlfMjAxNDA0MzAwOTU4NDg2MDkz', '竺可桢学院', '430509', '3649601325', '梁力鑫'),
('3120000646', 'AQIC5wM2LY4SfcyWwhLu4Nen2Ph7gUsMq6mQzCC1CdRgKsE=@AAJTSQACMDE=#', '求是学院', '460141', '722310314', '陈憬佑'),
('3120100395', 'AQIC5wM2LY4SfcwIqbFeorLBQSMGCUcuhjFJHRIIe8kB8g0=@AAJTSQACMDE=#', '求是学院', '460484', '722718122', '詹碧君'),
('3120101219', 'AQIC5wM2LY4SfcxUmYxvO0kiRcqh/nf/2dHfwc0iMw/Ogo8=@AAJTSQACMDE=#', '求是学院', '461309', '722736410', '王祎'),
('3120101377', 'U3luQ2FyZF80NjMxNjZfMjAxNDA0MjAxODE3NDQyMDMx', '求是学院', '463166', '2074483821', '蔡舒婷'),
('3120102006', 'AQIC5wM2LY4Sfcy24RfB28aEHy0iA85gUUvQ3D1odLO1ufQ=@AAJTSQACMDE=#', '求是学院', '463795', '2076510333', '王欣'),
('3120103540', 'AQIC5wM2LY4SfcysEKRUeb/isP+O8Gvztv96CB3oO/G3Sq0=@AAJTSQACMDE=#', '求是学院', '465827', '722089802', '胡丽芳'),
('3120103553', 'AQIC5wM2LY4SfczkDQ+KO5KwTl/gSGKf5K//yhkCtU9N1tk=@AAJTSQACMDE=#', '求是学院', '465840', '722258266', '张思萃'),
('3120103709', 'AQIC5wM2LY4SfcwD774BgEXZeuyPS1GmZMfl0xPBuiOP9JY=@AAJTSQACMDE=#', '求是学院', '465996', '722616730', '孙士权'),
('3120103924', 'AQIC5wM2LY4SfcxjKY2NIGkyacweNAJ4SLSkza3pfdKBXLM=@AAJTSQACMDE=#', '求是学院', '466210', '3968124394', '姜易卓'),
('3120104979', 'AQIC5wM2LY4Sfcz2qlHGFgNDJrImjvRQ8gJCOGHuEYOGj/U=@AAJTSQACMDE=#', '求是学院', '467267', '2073120589', '李逸凡'),
('3130101848', 'AQIC5wM2LY4Sfcwu0IU6PaHrjNWIFG30CB/S82maN0TVNB0=@AAJTSQACMDE=#', '求是学院', '483383', '2074298061', '胡杭滨'),
('3130103912', 'AQIC5wM2LY4SfcyPZ6zMDAi4jvRFKEJ1QfSNdcubUVAGcpU=@AAJTSQACMDE=#', '求是学院', '484512', '3648785853', '汪雨蕙'),
('3130104219', 'AQIC5wM2LY4SfcwZV+7KmKX+UiY2JayeYwRVeSTU8A6/Rfk=@AAJTSQACMDE=#', '求是学院', '484780', '2074018173', '赵妍'),
('3130104448', 'AQIC5wM2LY4SfcyRUF3UYJB61nST27DOas4I/ny6DeqhIqc=@AAJTSQACMDE=#', '求是学院', '485038', '2075129389', '毕一然'),
('3410002', 'AQIC5wM2LY4SfcwMw3ZHa9Oe/CW9Kj5nn+De2cENNrAe5rQ=@AAJTSQACMDE=#', '附属邵逸夫医院', '329786', '3142797484', '俞振伟'),
('9140110731', 'U3luQ2FyZF8zMTMwNzBfMjAxNDA1MTkxMjQzMzYxNzE4', '校外专用', '313070', '310520731', '马飞'),
('pq04022', 'U3luQ2FyZF8yNTkxNzFfMjAxNDA3MTExMDE5NDA4NzUw', '校医院', '259171', '2903167742', '程一');

-- --------------------------------------------------------

--
-- 表的结构 `morderinfo`
--

CREATE TABLE IF NOT EXISTS `morderinfo` (
  `id` int(11) NOT NULL AUTO_INCREMENT,
  `category` varchar(100) NOT NULL,
  `food` varchar(100) NOT NULL,
  `address` varchar(100) NOT NULL,
  `amount` varchar(100) NOT NULL,
  `remark` varchar(200) NOT NULL,
  `status` varchar(20) NOT NULL,
  `ordertime` datetime NOT NULL,
  PRIMARY KEY (`id`)
) ENGINE=InnoDB  DEFAULT CHARSET=utf8 AUTO_INCREMENT=9 ;

--
-- 转存表中的数据 `morderinfo`
--

INSERT INTO `morderinfo` (`id`, `category`, `food`, `address`, `amount`, `remark`, `status`, `ordertime`) VALUES
(1, '61', '10元---回族套餐', '紫金港农生组团农C-1227', '1', 'asdf', '', '0000-00-00 00:00:00'),
(2, '78', '8元----减肥B套餐', '紫金港农生组团农C-1227', '1', 'test', '', '0000-00-00 00:00:00'),
(3, '78', '8元----减肥A套餐', '紫金港农生组团农C-1227', '1', 'test', '', '0000-00-00 00:00:00'),
(4, '58', '10元A----剁椒鳊鱼套餐', '紫金港农生组团农C-1227', '1', '', '下单成功', '2014-09-20 00:00:00'),
(5, '73', '豆豉蒸排骨套餐', '紫金港农生组团农C-1227', '1', 'twert', '下单成功', '2014-09-20 14:09:57'),
(6, '59', '10元B----香干酱肉套餐', '紫金港农生组团农C-1227', '1', 'werwer', '下单成功', '2014-09-20 14:19:15'),
(7, '59', '10元B----香干酱肉套餐', '紫金港农生组团农C-1227', '1', '', '下单成功', '2014-09-20 14:19:27'),
(8, '59', '10元B----香干酱肉套餐', '紫金港农生组团农C-1227', '3', 'asdfasdf', '下单成功', '2014-09-20 14:20:10');

-- --------------------------------------------------------

--
-- 表的结构 `orderinfo`
--

CREATE TABLE IF NOT EXISTS `orderinfo` (
  `id` int(10) unsigned NOT NULL AUTO_INCREMENT,
  `username` varchar(100) NOT NULL,
  `stuid` varchar(50) NOT NULL,
  `ordertime` datetime NOT NULL,
  `address` varchar(200) NOT NULL,
  `phone` varchar(20) NOT NULL,
  `remark` varchar(35) NOT NULL,
  `food` varchar(100) NOT NULL,
  `amount` int(10) NOT NULL,
  `price` float NOT NULL,
  `pay` varchar(20) NOT NULL,
  `status` varchar(20) NOT NULL,
  `dep` varchar(50) NOT NULL,
  `area` varchar(50) NOT NULL,
  `number` varchar(30) NOT NULL,
  `pay_status` int(11) DEFAULT NULL,
  `finish` int(11) NOT NULL,
  PRIMARY KEY (`id`)
) ENGINE=InnoDB  DEFAULT CHARSET=utf8 AUTO_INCREMENT=1430 ;

--
-- 转存表中的数据 `orderinfo`
--

INSERT INTO `orderinfo` (`id`, `username`, `stuid`, `ordertime`, `address`, `phone`, `remark`, `food`, `amount`, `price`, `pay`, `status`, `dep`, `area`, `number`, `pay_status`, `finish`) VALUES
(251, '梁晓珍', '1088280018', '2014-03-25 00:00:00', '紫金港纳米楼纳A-116', '88981606', '', '剁椒鳊鱼套餐', 15, 150, '电子支付', '送餐途中', '0', '纳米楼', '20140325000001', 0, 0),
(252, '梁晓珍', '1088280018', '2014-03-25 00:00:00', '紫金港纳米楼纳A-116', '88981606', '', '鸡蛋炒河粉套餐', 1, 8, '电子支付', '送餐途中', '0', '纳米楼', '20140325000002', 0, 0),
(253, '梁晓珍', '1088280018', '2014-03-25 00:00:00', '紫金港纳米楼纳A-116', '88981606', '', '鱼香肉丝套餐', 13, 130, '电子支付', '送餐途中', '0', '纳米楼', '20140325000003', 0, 0),
(254, '魏波', '1148200048', '2014-03-25 00:00:00', '紫金港东1-东4教学楼东1A-105', '88206502', '', '剁椒鳊鱼套餐', 2, 20, '签单', '餐已收到', '饮食服务中心', '东1-东4教学楼', '20140325000004', 1, 0),
(255, '魏波', '1148200048', '2014-03-25 00:00:00', '紫金港东1-东4教学楼东1A-105', '88206502', '', '鱼香肉丝套餐', 2, 20, '签单', '餐已收到', '饮食服务中心', '东1-东4教学楼', '20140325000005', 1, 0),
(256, '王凯', '3120000019', '2014-03-25 00:00:00', '紫金港东1-东4教学楼东1A-105', '88206303', '', '鱼香肉丝套餐', 1, 10, '电子支付', '送餐途中', '求是学院', '东1-东4教学楼', '20140325000006', 0, 0),
(257, '王凯', '3120000019', '2014-03-25 00:00:00', '紫金港东1-东4教学楼东1A-105', '88981606', '', '鱼香肉丝套餐', 1, 10, '电子支付', '送餐途中', '求是学院', '东1-东4教学楼', '20140325000007', 0, 0),
(258, '王凯', '3120000019', '2014-03-25 00:00:00', '紫金港东1-东4教学楼东1A-105', '88981606', '', '鸡蛋炒河粉套餐', 1, 8, '电子支付', '送餐途中', '求是学院', '东1-东4教学楼', '20140325000008', 0, 0),
(259, '王凯', '3120000019', '2014-03-25 00:00:00', '紫金港东1-东4教学楼东1A-105', '88206303', '', '鱼香肉丝套餐', 1, 10, '电子支付', '送餐途中', '求是学院', '东1-东4教学楼', '20140325000009', 0, 0),
(260, '魏波', '1148200048', '2014-03-25 00:00:00', '紫金港东1-东4教学楼东1A-105', '88206503', '', '鸡蛋炒河粉套餐', 1, 8, '电子支付', '送餐途中', '饮食服务中心', '东1-东4教学楼', '20140325000010', 0, 0),
(261, '王凯', '3120000019', '2014-03-25 00:00:00', '紫金港东1-东4教学楼东1A-105', '88981606', '', '鱼香肉丝套餐', 1, 10, '电子支付', '送餐途中', '求是学院', '东1-东4教学楼', '20140325000011', 0, 0),
(262, '魏波', '1148200048', '2014-03-25 00:00:00', '紫金港东1-东4教学楼东1A-105', '88260123', '', '剁椒鳊鱼套餐', 1, 10, '电子支付', '送餐途中', '饮食服务中心', '东1-东4教学楼', '20140325000012', 0, 0),
(263, '王凯', '3120000019', '2014-03-25 00:00:00', '紫金港东1-东4教学楼东1A-105', '88981606', '', '回族套餐', 1, 10, '电子支付', '送餐途中', '求是学院', '东1-东4教学楼', '20140325000013', 0, 0),
(264, '魏波', '1148200048', '2014-03-25 00:00:00', '紫金港纳米楼纳A-308', '82610221', '', '鸡蛋炒河粉套餐', 1, 8, '电子支付', '送餐途中', '饮食服务中心', '纳米楼', '20140325000014', 0, 0),
(265, '王凯', '3120000019', '2014-03-25 00:00:00', '紫金港东1-东4教学楼东1A-105', '88981606', '', '鱼香肉丝套餐', 1, 10, '电子支付', '送餐途中', '求是学院', '东1-东4教学楼', '20140325000015', 0, 0),
(266, '王凯', '3120000019', '2014-03-25 00:00:00', '紫金港东1-东4教学楼东1A-105', '88981606', '', '鱼香肉丝套餐', 1, 10, '电子支付', '送餐途中', '求是学院', '东1-东4教学楼', '20140325000016', 0, 0),
(267, '魏波', '1148200048', '2014-03-25 00:00:00', '紫金港医学院综1021', '88206530', '', '剁椒鳊鱼套餐', 1, 10, '电子支付', '送餐途中', '饮食服务中心', '医学院', '20140325000017', 0, 0),
(268, '王凯', '3120000019', '2014-03-25 00:00:00', '紫金港东1-东4教学楼东1A-105', '88981606', '', '鱼香肉丝套餐', 1, 10, '电子支付', '送餐途中', '求是学院', '东1-东4教学楼', '20140325000018', 0, 0),
(269, '王凯', '3120000019', '2014-03-25 00:00:00', '紫金港东1-东4教学楼东1A-105', '18072860610', '', '全素套餐', 1, 10, '电子支付', '送餐途中', '求是学院', '东1-东4教学楼', '20140325000019', 0, 0),
(270, '叶镒娟', '0090052', '2014-03-25 00:00:00', '紫金港东1-东4教学楼东1A-105', '15957129841', '', '剁椒鳊鱼套餐', 1, 10, '电子支付', '送餐途中', '信息中心', '东1-东4教学楼', '20140325000020', 1, 0),
(271, '魏波', '1148200048', '2014-03-25 00:00:00', '紫金港东1-东4教学楼东1A-105', '82112523', '', '鸡蛋炒河粉套餐', 1, 8, '电子支付', '送餐途中', '饮食服务中心', '东1-东4教学楼', '20140325000021', 0, 0),
(272, '叶镒娟', '0090052', '2014-03-25 00:00:00', '紫金港东1-东4教学楼东1A-105', '15957129841', '', '剁椒鳊鱼套餐', 1, 10, '电子支付', '送餐途中', '信息中心', '东1-东4教学楼', '20140325000022', 1, 0),
(273, '魏波', '1148200048', '2014-03-25 00:00:00', '紫金港西部建设指挥部控制系', '86942153', '', '鱼香肉丝套餐', 3, 30, '电子支付', '送餐途中', '饮食服务中心', '西部建设指挥部', '20140325000023', 0, 0),
(274, '魏波', '1148200048', '2014-03-25 00:00:00', '紫金港东1-东4教学楼东1A-105', '86221415', '', '剁椒鳊鱼套餐', 1, 10, '电子支付', '送餐途中', '饮食服务中心', '东1-东4教学楼', '20140325000024', 0, 0),
(275, '魏波', '1148200048', '2014-03-25 00:00:00', '紫金港东1-东4教学楼东1A-105', '86221415', '', '鸡蛋炒河粉套餐', 1, 8, '电子支付', '餐已收到', '饮食服务中心', '东1-东4教学楼', '20140325000025', 1, 0),
(276, '魏波', '1148200048', '2014-03-25 00:00:00', '紫金港行政楼行政楼1408', '86221415', '', '鸡蛋炒河粉套餐', 3, 24, '电子支付', '送餐途中', '饮食服务中心', '行政楼', '20140325000026', 0, 0),
(277, '魏波', '1148200048', '2014-03-25 00:00:00', '紫金港行政楼行政楼801-1', '61002120', '', '鱼香肉丝套餐', 1, 10, '电子支付', '送餐途中', '饮食服务中心', '行政楼', '20140325000027', 0, 0),
(278, '魏波', '1148200048', '2014-03-25 00:00:00', '紫金港安中楼安A-329', '88206502', '', '鸡蛋炒河粉套餐', 1, 8, '电子支付', '送餐途中', '饮食服务中心', '安中楼', '20140325000028', 0, 0),
(279, '叶镒娟', '0090052', '2014-03-25 00:00:00', '紫金港东1-东4教学楼东1A-105', '15957129841', '', '剁椒鳊鱼套餐', 1, 10, '电子支付', '送餐途中', '信息中心', '东1-东4教学楼', '20140325000029', 1, 0),
(280, '叶镒娟', '0090052', '2014-03-25 00:00:00', '紫金港东1-东4教学楼东1A-105', '15957129841', '', '剁椒鳊鱼套餐', 1, 10, '电子支付', '送餐途中', '信息中心', '东1-东4教学楼', '20140325000030', 1, 0),
(281, '叶镒娟', '0090052', '2014-03-25 00:00:00', '紫金港东1-东4教学楼东1A-105', '15957129841', '', '剁椒鳊鱼套餐', 1, 10, '电子支付', '送餐途中', '信息中心', '东1-东4教学楼', '20140325000031', 1, 0),
(282, '王凯', '3120000019', '2014-03-25 00:00:00', '紫金港东1-东4教学楼东1A-105', '88981606', '', '鱼香肉丝套餐', 1, 10, '电子支付', '送餐途中', '求是学院', '东1-东4教学楼', '20140325000032', 0, 0),
(283, '王凯', '3120000019', '2014-03-25 00:00:00', '紫金港东1-东4教学楼东1A-105', '88981606', '', '剁椒鳊鱼套餐', 1, 10, '电子支付', '送餐途中', '求是学院', '东1-东4教学楼', '20140325000033', 0, 0),
(284, '叶镒娟', '0090052', '2014-03-25 00:00:00', '紫金港东1-东4教学楼东1A-105', '12344567890', '', '鸡蛋炒河粉套餐', 1, 8, '电子支付', '送餐途中', '信息中心', '东1-东4教学楼', '20140325000034', 1, 0),
(285, '王凯', '3120000019', '2014-03-25 00:00:00', '紫金港东1-东4教学楼东1A-105', '88981606', '', '剁椒鳊鱼套餐', 1, 10, '电子支付', '送餐途中', '求是学院', '东1-东4教学楼', '20140325000035', 0, 0),
(286, '王凯', '3120000019', '2014-03-25 00:00:00', '紫金港东1-东4教学楼东1A-105', '88981606', '', '鱼香肉丝套餐', 1, 10, '电子支付', '送餐途中', '求是学院', '东1-东4教学楼', '20140325000036', 0, 0),
(287, '王凯', '3120000019', '2014-03-25 00:00:00', '紫金港东1-东4教学楼东1A-105', '88981606', '', '鸡蛋炒河粉套餐', 1, 8, '电子支付', '送餐途中', '求是学院', '东1-东4教学楼', '20140325000037', 0, 0),
(288, '王凯', '3120000019', '2014-03-26 00:00:00', '紫金港东1-东4教学楼东1A-105', '88981606', '', '鱼香肉丝套餐', 1, 10, '电子支付', '送餐途中', '求是学院', '东1-东4教学楼', '20140326000001', 0, 0),
(289, '王凯', '3120000019', '2014-03-26 00:00:00', '紫金港东1-东4教学楼东1A-105', '88206303', '', '鱼香肉丝套餐', 1, 10, '电子支付', '送餐途中', '求是学院', '东1-东4教学楼', '20140326000002', 1, 0),
(290, '王凯', '3120000019', '2014-03-26 00:00:00', '紫金港东1-东4教学楼东1A-105', '88206303', '', '鱼香肉丝套餐', 1, 10, '电子支付', '送餐途中', '求是学院', '东1-东4教学楼', '20140326000003', 0, 0),
(291, '王凯', '3120000019', '2014-03-26 00:00:00', '紫金港东1-东4教学楼东1A-105', '88981606', '', '鱼香肉丝套餐', 1, 10, '电子支付', '送餐途中', '求是学院', '东1-东4教学楼', '20140326000004', 0, 0),
(292, '王凯', '3120000019', '2014-03-26 00:00:00', '紫金港东1-东4教学楼东1A-105', '88206303', '', '剁椒鳊鱼套餐', 1, 10, '电子支付', '送餐途中', '求是学院', '东1-东4教学楼', '20140326000005', 0, 0),
(293, '魏波', '1148200048', '2014-03-26 00:00:00', '紫金港医学院 教B-414', '82306125', '', '剁椒鳊鱼套餐', 1, 10, '电子支付', '餐已收到', '饮食服务中心', '医学院', '20140326000006', 1, 0),
(294, '魏波', '1148200048', '2014-03-26 00:00:00', '紫金港新体育馆新体育馆117', '83621152', '', '鱼香肉丝套餐', 1, 10, '电子支付', '送餐途中', '饮食服务中心', '新体育馆', '20140326000007', 0, 0),
(295, '王凯', '3120000019', '2014-03-26 00:00:00', '紫金港东1-东4教学楼东1A-105', '88981606', '', '剁椒鳊鱼套餐', 1, 10, '电子支付', '送餐途中', '求是学院', '东1-东4教学楼', '20140326000008', 0, 0),
(296, '王凯', '3120000019', '2014-03-26 00:00:00', '紫金港东1-东4教学楼东1A-105', '88981606', '', '鱼香肉丝套餐', 1, 10, '电子支付', '送餐途中', '求是学院', '东1-东4教学楼', '20140326000009', 0, 0),
(297, '王凯', '3120000019', '2014-03-26 00:00:00', '紫金港东1-东4教学楼东1A-105', '88206303', '', '鱼香肉丝套餐', 1, 10, '电子支付', '送餐途中', '求是学院', '东1-东4教学楼', '20140326000010', 0, 0),
(298, '王凯', '3120000019', '2014-03-26 00:00:00', '紫金港东1-东4教学楼东1A-105', '88981606', '', '鱼香肉丝套餐', 2, 20, '电子支付', '送餐途中', '求是学院', '东1-东4教学楼', '20140326000011', 0, 0),
(299, '王凯', '3120000019', '2014-03-26 00:00:00', '紫金港东1-东4教学楼东1A-105', '88981606', '', '鱼香肉丝套餐', 1, 10, '电子支付', '送餐途中', '求是学院', '东1-东4教学楼', '20140326000012', 0, 0),
(300, '王凯', '3120000019', '2014-03-26 00:00:00', '紫金港东1-东4教学楼东1A-105', '88981606', '', '鱼香肉丝套餐', 1, 10, '电子支付', '送餐途中', '求是学院', '东1-东4教学楼', '20140326000013', 0, 0),
(301, '王凯', '3120000019', '2014-03-26 00:00:00', '紫金港东1-东4教学楼东1A-105', '88981606', '', '鱼香肉丝套餐', 1, 10, '电子支付', '送餐途中', '求是学院', '东1-东4教学楼', '20140326000014', 0, 0),
(302, '王凯', '3120000019', '2014-03-26 00:00:00', '紫金港东1-东4教学楼东1A-105', '88206303', '', '鱼香肉丝套餐', 1, 10, '电子支付', '送餐途中', '求是学院', '东1-东4教学楼', '20140326000015', 0, 0),
(303, '王凯', '3120000019', '2014-03-26 00:00:00', '紫金港东1-东4教学楼东1A-105', '88981606', '', '鱼香肉丝套餐', 1, 10, '电子支付', '送餐途中', '求是学院', '东1-东4教学楼', '20140326000016', 0, 0),
(304, '王凯', '3120000019', '2014-03-26 00:00:00', '紫金港东1-东4教学楼东1A-105', '88981606', '', '鱼香肉丝套餐', 1, 10, '电子支付', '送餐途中', '求是学院', '东1-东4教学楼', '20140326000017', 0, 0),
(305, '王凯', '3120000019', '2014-03-26 00:00:00', '紫金港东1-东4教学楼东1A-105', '88206303', '', '鱼香肉丝套餐', 1, 10, '电子支付', '送餐途中', '求是学院', '东1-东4教学楼', '20140326000018', 0, 0),
(306, '叶镒娟', '0090052', '2014-03-26 00:00:00', '紫金港东1-东4教学楼东1A-105', '15957129841', '', '剁椒鳊鱼套餐', 1, 10, '电子支付', '送餐途中', '信息中心', '东1-东4教学楼', '20140326000019', 1, 0),
(307, '叶镒娟', '0090052', '2014-03-26 00:00:00', '紫金港东1-东4教学楼东1A-105', '15957129841', '', '鱼香肉丝套餐', 1, 10, '电子支付', '送餐途中', '信息中心', '东1-东4教学楼', '20140326000020', 1, 0),
(308, '何青青', '0913143', '2014-03-26 00:00:00', '紫金港东1-东4教学楼东1A-105', '15957129841', '', '剁椒鳊鱼套餐', 1, 10, '电子支付', '送餐途中', '其他', '东1-东4教学楼', '20140326000021', 0, 0),
(309, 'zf194960', '12345678', '2014-03-26 00:00:00', '紫金港东1-东4教学楼东1A-105', '15957129841', '', '剁椒鳊鱼套餐', 1, 10, '电子支付', '送餐途中', '附属第一医院', '东1-东4教学楼', '20140326000022', 1, 0),
(310, '何青青', '0913143', '2014-03-26 00:00:00', '紫金港东1-东4教学楼东1A-105', '13345678665', '', '剁椒鳊鱼套餐', 1, 10, '电子支付', '送餐途中', '其他', '东1-东4教学楼', '20140326000023', 0, 0),
(311, '何青青', '0913143', '2014-03-26 00:00:00', '紫金港东1-东4教学楼东1A-105', '15957129841', '', '剁椒鳊鱼套餐', 1, 10, '电子支付', '送餐途中', '其他', '东1-东4教学楼', '20140326000024', 0, 0),
(312, '何青青', '0913143', '2014-03-26 00:00:00', '紫金港东1-东4教学楼东1A-105', '15957129841', '', '剁椒鳊鱼套餐', 1, 10, '电子支付', '送餐途中', '其他', '东1-东4教学楼', '20140326000025', 0, 0),
(313, '王凯', '3120000019', '2014-03-27 00:00:00', '紫金港东1-东4教学楼东1A-105', '444', '', '剁椒鳊鱼套餐', 1, 10, '签单', '送餐途中', '求是学院', '东1-东4教学楼', '20140327000001', 1, 0),
(314, '王凯', '3120000019', '2014-03-27 00:00:00', '紫金港东1-东4教学楼东1A-105', '444', '', '鱼香肉丝套餐', 1, 10, '签单', '送餐途中', '求是学院', '东1-东4教学楼', '20140327000002', 1, 0),
(315, '王凯', '3120000019', '2014-03-27 00:00:00', '紫金港东1-东4教学楼东1A-105', '55', '', '鱼香肉丝套餐', 1, 10, '电子支付', '送餐途中', '求是学院', '东1-东4教学楼', '20140327000003', 0, 0),
(316, '王凯', '3120000019', '2014-03-27 00:00:00', '紫金港东1-东4教学楼东1A-105', '5555', '', '鸡蛋炒河粉套餐', 1, 8, '签单', '送餐途中', '求是学院', '东1-东4教学楼', '20140327000004', 1, 0),
(317, '王凯', '3120000019', '2014-03-27 00:00:00', '紫金港东1-东4教学楼东1A-105', '5555', '', '鱼香肉丝套餐', 1, 10, '签单', '送餐途中', '求是学院', '东1-东4教学楼', '20140327000005', 1, 0),
(318, '魏波', '1148200048', '2014-03-27 00:00:00', '紫金港西部建设指挥部控制系', '86932512', '', '鸡蛋炒河粉套餐', 1, 8, '电子支付', '送餐途中', '饮食服务中心', '西部建设指挥部', '20140327000006', 0, 0),
(319, '魏波', '1148200048', '2014-03-27 00:00:00', '紫金港东1-东4教学楼东1A-105', '86922125', '', '鱼香肉丝套餐', 1, 10, '电子支付', '餐已收到', '饮食服务中心', '东1-东4教学楼', '20140327000007', 1, 0),
(320, '王凯', '3120000019', '2014-03-27 00:00:00', '紫金港东1-东4教学楼东1A-105', '88981606', '', '剁椒鳊鱼套餐', 1, 10, '电子支付', '送餐途中', '求是学院', '东1-东4教学楼', '20140327000008', 0, 0),
(321, '严欢', '1098200200', '2014-03-27 00:00:00', '紫金港东1-东4教学楼东1A-105', '88206303', '', '剁椒鳊鱼套餐', 1, 10, '电子支付', '送餐途中', '其他', '东1-东4教学楼', '20140327000009', 0, 0),
(322, '严欢', '1098200200', '2014-03-27 00:00:00', '紫金港东1-东4教学楼东1A-105', '88206303', '', '剁椒鳊鱼套餐', 7, 70, '签单', '送餐途中', '其他', '东1-东4教学楼', '20140327000010', 1, 0),
(323, '严欢', '1098200200', '2014-03-27 00:00:00', '紫金港东1-东4教学楼东1A-105', '88206303', '', '鱼香肉丝套餐', 7, 70, '签单', '送餐途中', '其他', '东1-东4教学楼', '20140327000011', 1, 0),
(324, '严欢', '1098200200', '2014-03-27 00:00:00', '紫金港东1-东4教学楼东1A-105', '88206303', '', '回族套餐', 7, 70, '签单', '送餐途中', '其他', '东1-东4教学楼', '20140327000012', 1, 0),
(325, '何青青', '0913143', '2014-03-27 00:00:00', '紫金港东1-东4教学楼东1A-105', '15957129841', '', '剁椒鳊鱼套餐', 1, 10, '电子支付', '送餐途中', '其他', '东1-东4教学楼', '20140327000013', 0, 0),
(326, '梁晓珍', '1088280018', '2014-03-27 00:00:00', '紫金港纳米楼纳A-116', '88981606', '', '鸡蛋炒河粉套餐', 1, 8, '签单', '送餐途中', '0', '纳米楼', '20140327000014', 1, 0),
(327, 'zf194960', '12345678', '2014-03-27 00:00:00', '紫金港东1-东4教学楼东1A-105', '15957129841', '', '剁椒鳊鱼套餐', 1, 10, '电子支付', '送餐途中', '附属第一医院', '东1-东4教学楼', '20140327000015', 0, 0),
(328, 'zf194960', '12345678', '2014-03-27 00:00:00', '紫金港东1-东4教学楼东1A-105', '15957129841', '', '鱼香肉丝套餐', 1, 10, '电子支付', '送餐途中', '附属第一医院', '东1-东4教学楼', '20140327000016', 0, 0),
(329, '叶镒娟', '0090052', '2014-03-27 00:00:00', '紫金港东1-东4教学楼东1A-105', '15957129841', '', '剁椒鳊鱼套餐', 1, 10, '电子支付', '送餐途中', '信息中心', '东1-东4教学楼', '20140327000017', 1, 0),
(330, 'zf194960', '12345678', '2014-03-27 00:00:00', '紫金港东1-东4教学楼东1A-105', '15957129841', '', '剁椒鳊鱼套餐', 1, 10, '电子支付', '送餐途中', '附属第一医院', '东1-东4教学楼', '20140327000018', 1, 0),
(331, '许彩娥', '0912343', '2014-03-27 00:00:00', '紫金港东1-东4教学楼东1A-105', '88206303', '', '剁椒鳊鱼套餐', 1, 10, '电子支付', '送餐途中', '图书与信息中心', '东1-东4教学楼', '20140327000019', 1, 0),
(332, '王凯', '3120000019', '2014-03-27 00:00:00', '紫金港东1-东4教学楼东1A-105', '88981606', '', '鱼香肉丝套餐', 1, 10, '电子支付', '送餐途中', '求是学院', '东1-东4教学楼', '20140327000020', 1, 0),
(333, '魏波', '1148200048', '2014-03-27 00:00:00', '紫金港东1-东4教学楼东1A-105', '88981606', '', '鱼香肉丝套餐', 1, 10, '电子支付', '送餐途中', '饮食服务中心', '东1-东4教学楼', '20140327000021', 0, 0),
(334, '魏波', '1148200048', '2014-03-27 00:00:00', '紫金港东1-东4教学楼东1A-105', '88206303', '', '鱼香肉丝套餐', 1, 10, '电子支付', '送餐途中', '饮食服务中心', '东1-东4教学楼', '20140327000022', 0, 0),
(335, '魏波', '1148200048', '2014-03-27 00:00:00', '紫金港东1-东4教学楼东1A-105', '88206303', '', '鱼香肉丝套餐', 1, 10, '电子支付', '送餐途中', '饮食服务中心', '东1-东4教学楼', '20140327000023', 0, 0),
(336, '魏波', '1148200048', '2014-03-27 00:00:00', '紫金港东1-东4教学楼东1A-105', '88206303', '', '鱼香肉丝套餐', 1, 10, '电子支付', '餐已收到', '饮食服务中心', '东1-东4教学楼', '20140327000024', 1, 0),
(337, '王凯', '3120000019', '2014-03-27 00:00:00', '紫金港校医院医院1号楼--305', '88981606', '', '剁椒鳊鱼套餐', 2, 20, '签单', '送餐途中', '求是学院', '校医院', '20140327000025', 1, 0),
(338, '王凯', '3120000019', '2014-03-27 00:00:00', '紫金港校医院医院1号楼--305', '88981606', '', '鸡蛋炒河粉套餐', 2, 16, '签单', '送餐途中', '求是学院', '校医院', '20140327000026', 1, 0),
(339, '王凯', '3120000019', '2014-03-27 00:00:00', '紫金港东1-东4教学楼东1A-105', '88981606', '', '剁椒鳊鱼套餐', 1, 10, '电子支付', '送餐途中', '求是学院', '东1-东4教学楼', '20140327000027', 0, 0),
(340, '梁晓珍', '1088280018', '2014-03-27 00:00:00', '紫金港纳米楼纳A-116', '88981606', '', '剁椒鳊鱼套餐', 1, 10, '签单', '送餐途中', '0', '纳米楼', '20140327000028', 1, 0),
(341, '梁晓珍', '1088280018', '2014-03-28 00:00:00', '紫金港纳米楼纳A-116', '88981606', '', '鱼香肉丝套餐', 29, 290, '签单', '送餐途中', '0', '纳米楼', '20140328000001', 1, 0),
(342, '魏波', '1148200048', '2014-03-28 00:00:00', '紫金港农生组团农E-251', '88206502', '', '剁椒鳊鱼套餐', 1, 10, '签单', '餐已收到', '饮食服务中心', '农生组团', '20140328000002', 1, 1),
(343, '魏波', '1148200048', '2014-03-28 00:00:00', '紫金港西部建设指挥部控制系', '88206503', '', '鸡蛋炒河粉套餐', 1, 8, '签单', '餐已收到', '饮食服务中心', '西部建设指挥部', '20140328000003', 1, 0),
(344, '魏波', '1148200048', '2014-03-28 00:00:00', '紫金港校医院医院2号楼--3F', '88206503', '', '剁椒鳊鱼套餐', 1, 12, '签单', '餐已收到', '饮食服务中心', '校医院', '20140328000004', 1, 0),
(345, '魏波', '1148200048', '2014-03-28 00:00:00', '紫金港生物楼生物306', '88206053', '', '清蒸雅片鱼头套餐', 1, 20, '签单', '餐已收到', '饮食服务中心', '生物楼', '20140328000005', 1, 0),
(346, '魏波', '1148200048', '2014-03-28 00:00:00', '紫金港医学院综420', '88206503', '', '全素套餐', 1, 10, '签单', '餐已收到', '饮食服务中心', '医学院', '20140328000006', 1, 0),
(347, '魏波', '1148200048', '2014-03-28 00:00:00', '紫金港纳米楼纳A-313', '88206503', '', '鸡蛋炒河粉套餐', 2, 16, '签单', '餐已收到', '饮食服务中心', '纳米楼', '20140328000007', 1, 0),
(348, '魏波', '1148200048', '2014-03-28 00:00:00', '紫金港纳米楼纳A218', '88206503', '', '鸡蛋炒河粉套餐', 1, 8, '签单', '餐已收到', '饮食服务中心', '纳米楼', '20140328000008', 1, 0),
(349, '魏波', '1148200048', '2014-03-28 00:00:00', '紫金港药学院药学院239', '88206503', '', '尖椒猪柳套餐', 1, 15, '签单', '餐已收到', '饮食服务中心', '药学院', '20140328000009', 1, 0),
(350, '王欣', '3120102006', '2014-03-30 00:00:00', '紫金港东1-东4教学楼东1A-105', '88981606', '', '剁椒鳊鱼套餐', 1, 10, '电子支付', '送餐途中', '求是学院', '东1-东4教学楼', '20140330000001', 0, 0),
(351, '王凯', '3120000019', '2014-03-30 00:00:00', '紫金港东1-东4教学楼东1A-105', '88981606', '', '剁椒鳊鱼套餐', 1, 10, '电子支付', '送餐途中', '求是学院', '东1-东4教学楼', '20140330000002', 0, 0),
(353, '魏波', '1148200048', '2014-03-31 00:00:00', '紫金港医学院 教B-414', '88206502', '', '鱼香肉丝套餐', 1, 10, '电子支付', '餐已收到', '饮食服务中心', '医学院', '20140331000001', 1, 0),
(355, '', '0098508', '2014-04-01 00:00:00', '紫金港东1-东4教学楼东1A-105', '88206503', '', '鸡蛋炒河粉套餐', 1, 8, '电子支付', '送餐途中', '', '东1-东4教学楼', '20140401000001', 0, 0),
(356, '', '0098508', '2014-04-01 00:00:00', '紫金港东1-东4教学楼东1A-105', '88206303', '', '鸡蛋炒河粉套餐', 1, 8, '电子支付', '送餐途中', '', '东1-东4教学楼', '20140401000002', 0, 0),
(357, '叶镒娟', '0090052', '2014-04-01 00:00:00', '紫金港东1-东4教学楼东1A-105', '15957129841', '', '鸡蛋炒河粉套餐', 1, 8, '电子支付', '送餐途中', '信息中心', '东1-东4教学楼', '20140401000003', 0, 0),
(358, '叶镒娟', '0090052', '2014-04-01 00:00:00', '紫金港东1-东4教学楼东1A-105', '1111', '', '鸡蛋炒河粉套餐', 1, 8, '电子支付', '送餐途中', '信息中心', '东1-东4教学楼', '20140401000004', 0, 0),
(359, '王凯', '3120000019', '2014-04-02 00:00:00', '紫金港东1-东4教学楼东1A-105', '88206303', '', '鸡蛋炒河粉套餐', 1, 8, '电子支付', '送餐途中', '求是学院', '东1-东4教学楼', '20140402000001', 0, 0),
(360, '许萌', '0098508', '2014-04-02 00:00:00', '紫金港东1-东4教学楼东1A-105', '88981606', '', '鸡蛋炒河粉套餐', 1, 8, '电子支付', '送餐途中', '饮食服务中心', '东1-东4教学楼', '20140402000002', 0, 0),
(361, '王凯', '3120000019', '2014-04-02 00:00:00', '紫金港东1-东4教学楼东1A-105', '88206303', '', '鸡蛋炒河粉套餐', 1, 8, '电子支付', '送餐途中', '求是学院', '东1-东4教学楼', '20140402000003', 0, 0),
(362, '魏波', '1148200048', '2014-04-03 00:00:00', '紫金港蒙民伟楼蒙民伟楼304-1', '88206503', '', '鸡蛋炒河粉套餐', 5, 40, '签单', '餐已收到', '饮食服务中心', '蒙民伟楼', '20140403000001', 1, 0),
(364, '魏波', '1148200048', '2014-04-03 00:00:00', '紫金港东1-东4教学楼东1A-105', '88203625', '', '剁椒鳊鱼套餐', 1, 10, '电子支付', '送餐途中', '饮食服务中心', '东1-东4教学楼', '20140403000003', 0, 0),
(365, '叶镒娟', '0090052', '2014-04-03 00:00:00', '紫金港东1-东4教学楼东1A-105', '15957129841', '', '鸡蛋炒河粉套餐', 1, 8, '电子支付', '送餐途中', '信息中心', '东1-东4教学楼', '20140403000004', 0, 0),
(366, '王凯', '3120000019', '2014-04-03 00:00:00', '紫金港东1-东4教学楼东1A-105', '88981606', '', '剁椒鳊鱼套餐', 1, 10, '电子支付', '送餐途中', '求是学院', '东1-东4教学楼', '20140403000004', 0, 0),
(367, '梁晓珍', '1088280018', '2014-04-03 00:00:00', '紫金港纳米楼纳A-116', '88981606', '', '鸡蛋炒河粉套餐', 3, 24, '签单', '送餐途中', '饮食服务中心', '纳米楼', '20140403000005', 1, 0),
(368, '梁晓珍', '1088280018', '2014-04-03 00:00:00', '紫金港纳米楼纳A-116', '88981606', '', '剁椒鳊鱼套餐', 25, 250, '签单', '送餐途中', '饮食服务中心', '纳米楼', '20140403000006', 1, 0),
(369, '严欢', '1098200200', '2014-04-03 00:00:00', '紫金港东1-东4教学楼东1A-105', '88206303', '', '鸡蛋炒河粉套餐', 1, 8, '签单', '送餐途中', '饮食服务中心', '东1-东4教学楼', '20140403000007', 1, 0),
(370, '严欢', '1098200200', '2014-04-03 00:00:00', '紫金港东1-东4教学楼东1A-105', '88206303', '', '剁椒鳊鱼套餐', 5, 50, '电子支付', '送餐途中', '饮食服务中心', '东1-东4教学楼', '20140403000008', 0, 0),
(371, '严欢', '1098200200', '2014-04-03 00:00:00', '紫金港东1-东4教学楼东1A-105', '88206303', '', '鸡蛋炒河粉套餐', 5, 40, '电子支付', '送餐途中', '饮食服务中心', '东1-东4教学楼', '20140403000009', 0, 0),
(372, '徐锋', '0097395', '2014-04-04 00:00:00', '紫金港行政楼行政楼图书馆', '88206106', '', '剁椒鳊鱼套餐', 1, 10, '电子支付', '送餐途中', '信息中心', '行政楼', '20140404000001', 1, 0),
(373, '何青青', '0913143', '2014-04-04 00:00:00', '紫金港东1-东4教学楼东1A-105', '18857141053', '', '剁椒鳊鱼套餐', 1, 10, '电子支付', '送餐途中', '其他', '东1-东4教学楼', '20140404000002', 0, 0),
(374, '许彩娥', '0912343', '2014-04-04 00:00:00', '紫金港东1-东4教学楼东1A-105', '15372084428', '', '剁椒鳊鱼套餐', 1, 10, '电子支付', '送餐途中', '图书与信息中心', '东1-东4教学楼', '20140404000003', 0, 0),
(375, '叶镒娟', '0090052', '2014-04-04 00:00:00', '紫金港东1-东4教学楼东1A-105', '12345678', '', '鸡蛋炒河粉套餐', 1, 8, '电子支付', '送餐途中', '信息中心', '东1-东4教学楼', '20140404000004', 0, 0),
(376, '许萌', '0098508', '2014-04-04 00:00:00', '紫金港东1-东4教学楼东1A-105', '88206303', '', '剁椒鳊鱼套餐', 1, 10, '电子支付', '送餐途中', '饮食服务中心', '东1-东4教学楼', '20140404000005', 0, 0),
(377, '何青青', '0913143', '2014-04-04 00:00:00', '紫金港东1-东4教学楼东1A-105', '18857141053', '', '鸡蛋炒河粉套餐', 1, 8, '电子支付', '送餐途中', '其他', '东1-东4教学楼', '20140404000006', 0, 0),
(378, '许彩娥', '0912343', '2014-04-04 00:00:00', '紫金港东1-东4教学楼东1A-105', '88273111', '', '全素套餐', 1, 10, '电子支付', '送餐途中', '图书与信息中心', '东1-东4教学楼', '20140404000007', 0, 0),
(379, '徐锋', '0097395', '2014-04-04 00:00:00', '紫金港行政楼行政楼图书馆', '88206206', '', '鸡蛋炒河粉套餐', 1, 8, '电子支付', '送餐途中', '信息中心', '行政楼', '20140404000008', 0, 0),
(380, '叶镒娟', '0090052', '2014-04-04 00:00:00', '紫金港东1-东4教学楼东1A-105', '123', '', '鸡蛋炒河粉套餐', 1, 8, '电子支付', '送餐途中', '信息中心', '东1-东4教学楼', '20140404000009', 0, 0),
(381, '叶镒娟', '0090052', '2014-04-04 00:00:00', '紫金港东1-东4教学楼东1A-105', '323213213213', '', '剁椒鳊鱼套餐', 1, 10, '电子支付', '送餐途中', '信息中心', '东1-东4教学楼', '20140404000010', 0, 0),
(382, '尹嘉权', '3120000419', '2014-04-04 00:00:00', '紫金港东1-东4教学楼东1A-105', '18868100186', '', '鸡蛋炒河粉套餐', 1, 8, '电子支付', '送餐途中', '求是学院', '东1-东4教学楼', '20140404000011', 0, 0),
(383, '叶镒娟', '0090052', '2014-04-04 00:00:00', '紫金港东1-东4教学楼东1A-105', '1234567', '', '全素套餐', 1, 10, '电子支付', '送餐途中', '信息中心', '东1-东4教学楼', '20140404000012', 0, 0),
(384, '叶镒娟', '0090052', '2014-04-04 00:00:00', '紫金港东1-东4教学楼东1A-105', '123344566', '', '剁椒鳊鱼套餐', 1, 10, '电子支付', '送餐途中', '信息中心', '东1-东4教学楼', '20140404000013', 0, 0),
(385, '尹嘉权', '3120000419', '2014-04-04 00:00:00', '紫金港东1-东4教学楼东1A-105', '18868100186', '', '鸡蛋炒河粉套餐', 1, 8, '电子支付', '送餐途中', '求是学院', '东1-东4教学楼', '20140404000014', 0, 0),
(386, '叶镒娟', '0090052', '2014-04-04 00:00:00', '紫金港东1-东4教学楼东1A-105', '12345', '', '鸡蛋炒河粉套餐', 1, 8, '电子支付', '送餐途中', '信息中心', '东1-东4教学楼', '20140404000015', 0, 0),
(387, '尹嘉权', '3120000419', '2014-04-04 00:00:00', '紫金港东1-东4教学楼东1A-105', '18868100186', '', '鸡蛋炒河粉套餐', 1, 8, '电子支付', '送餐途中', '求是学院', '东1-东4教学楼', '20140404000016', 0, 0),
(388, '蒋莹', '0012408', '2014-04-04 00:00:00', '紫金港小剧场小剧场219', '15088717248', '', '全素套餐', 1, 10, '电子支付', '送餐途中', '学生思想教育办公室', '小剧场', '20140404000017', 0, 0),
(389, '尹嘉权', '3120000419', '2014-04-04 00:00:00', '紫金港东1-东4教学楼东1A-105', '18868100186', '', '鸡蛋炒河粉套餐', 1, 8, '电子支付', '送餐途中', '求是学院', '东1-东4教学楼', '20140404000018', 0, 0),
(390, '叶镒娟', '0090052', '2014-04-04 00:00:00', '紫金港东1-东4教学楼东1A-105', '1231412312321', '', '鸡蛋炒河粉套餐', 1, 8, '电子支付', '送餐途中', '信息中心', '东1-东4教学楼', '20140404000019', 0, 0),
(391, '尹嘉权', '3120000419', '2014-04-04 00:00:00', '紫金港东1-东4教学楼东1A-105', '18868100186', '', '鸡蛋炒河粉套餐', 1, 8, '电子支付', '送餐途中', '求是学院', '东1-东4教学楼', '20140404000020', 0, 0),
(392, '叶镒娟', '0090052', '2014-04-04 00:00:00', '紫金港东1-东4教学楼东1A-105', '13123', '', '鸡蛋炒河粉套餐', 1, 8, '电子支付', '送餐途中', '信息中心', '东1-东4教学楼', '20140404000021', 0, 0),
(393, '王欣', '3120102006', '2014-04-04 00:00:00', '紫金港东1-东4教学楼东1A-105', '222', '', '鸡蛋炒河粉套餐', 1, 8, '电子支付', '送餐途中', '求是学院', '东1-东4教学楼', '20140404000022', 0, 0),
(394, '王欣', '3120102006', '2014-04-04 00:00:00', '紫金港东1-东4教学楼东1A-105', '1212121212', '', '鸡蛋炒河粉套餐', 1, 8, '电子支付', '送餐途中', '求是学院', '东1-东4教学楼', '20140404000023', 0, 0),
(395, '孙士权', '3120103709', '2014-04-04 00:00:00', '紫金港东1-东4教学楼东1A-105', '1112', '', '鸡蛋炒河粉套餐', 1, 8, '电子支付', '送餐途中', '求是学院', '东1-东4教学楼', '20140404000024', 0, 0),
(396, '孙士权', '3120103709', '2014-04-04 00:00:00', '紫金港东1-东4教学楼东1A-105', '21', '', '鸡蛋炒河粉套餐', 1, 8, '电子支付', '送餐途中', '求是学院', '东1-东4教学楼', '20140404000025', 0, 0),
(397, '王凯', '3120000019', '2014-04-04 00:00:00', '紫金港东1-东4教学楼东1A-105', '12', '', '剁椒鳊鱼套餐', 1, 10, '电子支付', '送餐途中', '求是学院', '东1-东4教学楼', '20140404000026', 0, 0),
(398, '王凯', '3120000019', '2014-04-04 00:00:00', '紫金港东1-东4教学楼东1A-105', '12', '', '剁椒鳊鱼套餐', 1, 10, '电子支付', '送餐途中', '求是学院', '东1-东4教学楼', '20140404000027', 0, 0),
(399, '王凯', '3120000019', '2014-04-07 00:00:00', '紫金港东1-东4教学楼东1A-105', '88981606', '', '剁椒鳊鱼套餐', 1, 10, '电子支付', '送餐途中', '求是学院', '东1-东4教学楼', '20140407000001', 0, 0),
(400, '梁晓珍', '1088280018', '2014-04-08 00:00:00', '紫金港纳米楼纳A-116', '88981606', '', '剁椒鳊鱼套餐', 26, 260, '签单', '送餐途中', '饮食服务中心', '纳米楼', '20140408000001', 1, 0),
(401, '王凯', '3120000019', '2014-04-08 00:00:00', '紫金港东1-东4教学楼东1A-105', '18868105250', '', '全素套餐', 1, 10, '电子支付', '送餐途中', '求是学院', '东1-东4教学楼', '20140408000002', 0, 0),
(402, '王凯', '3120000019', '2014-04-08 00:00:00', '紫金港东1-东4教学楼东1A-105', '18868105250', '', '鸡蛋炒河粉套餐', 1, 8, '电子支付', '送餐途中', '求是学院', '东1-东4教学楼', '20140408000003', 0, 0),
(403, '孙士权', '3120103709', '2014-04-08 00:00:00', '紫金港东1-东4教学楼东1A-105', '1212', '', '鸡蛋炒河粉套餐', 1, 8, '电子支付', '送餐途中', '求是学院', '东1-东4教学楼', '20140408000004', 0, 0),
(404, '王凯', '3120000019', '2014-04-08 00:00:00', '紫金港东1-东4教学楼东1A-105', '18868105250', '', '鸡蛋炒河粉套餐', 1, 8, '电子支付', '送餐途中', '求是学院', '东1-东4教学楼', '20140408000005', 0, 0),
(405, '王凯', '3120000019', '2014-04-08 00:00:00', '紫金港东1-东4教学楼东1A-105', '18868105250', '', '剁椒鳊鱼套餐', 2, 20, '电子支付', '送餐途中', '求是学院', '东1-东4教学楼', '20140408000006', 0, 0),
(406, '王凯', '3120000019', '2014-04-08 00:00:00', '紫金港东1-东4教学楼东1A-105', '18868105250', '', '鸡蛋炒河粉套餐', 0, 0, '电子支付', '送餐途中', '求是学院', '东1-东4教学楼', '20140408000007', 0, 0),
(408, '叶镒娟', '0090052', '2014-04-08 00:00:00', '紫金港东1-东4教学楼东1A-105', '15957129841', '', '剁椒鳊鱼套餐', 1, 10, '电子支付', '送餐途中', '信息中心', '东1-东4教学楼', '20140408000008', 0, 0),
(409, '何青青', '0913143', '2014-04-08 00:00:00', '紫金港东1-东4教学楼东1A-105', '15957129841', '', '剁椒鳊鱼套餐', 1, 10, '电子支付', '送餐途中', '其他', '东1-东4教学楼', '20140408000009', 0, 0),
(410, '汪雨蕙', '3130103912', '2014-04-09 00:00:00', '紫金港校医院医院1号楼--307', '15700080199', '', '香卤鸡腿套餐', 1, 10, '电子支付', '送餐途中', '求是学院', '校医院', '20140409000001', 0, 0),
(411, '汪雨蕙', '3130103912', '2014-04-09 00:00:00', '紫金港校医院医院1号楼--307', '15700080199', '', '香卤鸡腿套餐', 1, 10, '电子支付', '送餐途中', '求是学院', '校医院', '20140409000002', 1, 0),
(412, '陈晶妍', '0011351', '2014-04-09 00:00:00', '紫金港农生组团农D-429', '88982192', '', '剁椒鳊鱼套餐', 2, 20, '电子支付', '送餐途中', '生物系统工程与食品科学学院团委', '农生组团', '20140409000003', 0, 0),
(413, '陈晶妍', '0011351', '2014-04-09 00:00:00', '紫金港农生组团农D-429', '88982192', '', '全素套餐', 2, 20, '电子支付', '送餐途中', '生物系统工程与食品科学学院团委', '农生组团', '20140409000004', 0, 0),
(414, '陶雪梅', '0091259', '2014-04-09 00:00:00', '紫金港农生组团农D-429', '88982192', '', '全素套餐', 2, 20, '电子支付', '送餐途中', '生物系统工程与食品科学学院生物系统工程系', '农生组团', '20140409000005', 0, 0),
(415, '陶雪梅', '0091259', '2014-04-09 00:00:00', '紫金港农生组团农D-429', '88982192', '', '剁椒鳊鱼套餐', 2, 20, '电子支付', '送餐途中', '生物系统工程与食品科学学院生物系统工程系', '农生组团', '20140409000006', 0, 0),
(416, '薛婷婷', '0908056', '2014-04-09 00:00:00', '紫金港行政楼行政楼801-1', '13868053866', '', '剁椒鳊鱼套餐', 1, 10, '电子支付', '送餐途中', '其他', '行政楼', '20140409000007', 0, 0),
(417, '薛婷婷', '0908056', '2014-04-09 00:00:00', '紫金港行政楼行政楼801-1', '13868053866', '', '剁椒鳊鱼套餐', 1, 10, '电子支付', '送餐途中', '其他', '行政楼', '20140409000008', 0, 0),
(420, '毛国伟', '1148200167', '2014-04-09 00:00:00', '紫金港东1-东4教学楼东1A-105', '82215523', '', '剁椒鳊鱼套餐', 1, 10, '电子支付', '送餐途中', '后勤集团（杭州浙大同力后勤集团有限公司）', '东1-东4教学楼', '20140409000011', 0, 0),
(421, '魏波', '1148200048', '2014-04-09 00:00:00', '紫金港东1-东4教学楼东1A-105', '86952455', '', '剁椒鳊鱼套餐', 1, 10, '电子支付', '送餐途中', '饮食服务中心', '东1-东4教学楼', '20140409000012', 0, 0),
(422, '魏波', '1148200048', '2014-04-09 00:00:00', '紫金港东1-东4教学楼东1A-105', '88253215', '', '香卤鸡腿套餐', 1, 10, '电子支付', '送餐途中', '饮食服务中心', '东1-东4教学楼', '20140409000013', 0, 0),
(423, '魏波', '1148200048', '2014-04-09 00:00:00', '紫金港东1-东4教学楼东1A-105', '88206503', '', '剁椒鳊鱼套餐', 0, 0, '电子支付', '送餐途中', '饮食服务中心', '东1-东4教学楼', '20140409000014', 0, 0),
(424, '魏波', '1148200048', '2014-04-09 00:00:00', '紫金港东1-东4教学楼东1A-105', '88206503', '', '全素套餐', 0, 0, '电子支付', '送餐途中', '饮食服务中心', '东1-东4教学楼', '20140409000015', 0, 0),
(425, '魏波', '1148200048', '2014-04-09 00:00:00', '紫金港东1-东4教学楼东1A-105', '88206503', '', '香卤鸡腿套餐', 1, 10, '电子支付', '送餐途中', '饮食服务中心', '东1-东4教学楼', '20140409000016', 0, 0),
(426, '王凯', '3120000019', '2014-04-09 00:00:00', '紫金港东1-东4教学楼东1A-105', '88981606', '', '剁椒鳊鱼套餐', 1, 10, '电子支付', '送餐途中', '求是学院', '东1-东4教学楼', '20140409000017', 0, 0),
(427, '汪雨蕙', '3130103912', '2014-04-09 00:00:00', '紫金港校医院医院1号楼--307', '15700080199', '', '香卤鸡腿套餐', 1, 10, '电子支付', '送餐途中', '求是学院', '校医院', '20140409000018', 1, 0),
(428, '严玲', '0010397', '2014-04-10 00:00:00', '紫金港纳米楼纳A-313', '88981034', '', '东坡肉套餐', 9, 90, '签单', '送餐途中', '继续教育管理处外联与发展办公室', '纳米楼', '20140410000001', 1, 0),
(429, '严玲', '0010397', '2014-04-10 00:00:00', '紫金港纳米楼纳A-313', '88981034', '', '剁椒鳊鱼套餐', 2, 20, '签单', '送餐途中', '继续教育管理处外联与发展办公室', '纳米楼', '20140410000002', 1, 0),
(430, '严昕', '0087261', '2014-04-14 00:00:00', '紫金港纳米楼纳A-308', '88206099', '', '全素套餐', 1, 10, '签单', '送餐途中', '接待服务中心', '纳米楼', '20140414000001', 1, 0),
(431, '严昕', '0087261', '2014-04-14 00:00:00', '紫金港纳米楼纳A-308', '88206099', '', '香卤鸡腿套餐', 4, 40, '签单', '送餐途中', '接待服务中心', '纳米楼', '20140414000002', 1, 0),
(432, '严昕', '0087261', '2014-04-14 00:00:00', '紫金港纳米楼纳A-308', '88206099', '', '鱼香肉丝套餐', 5, 50, '签单', '送餐途中', '接待服务中心', '纳米楼', '20140414000003', 1, 0),
(433, '戴超琴', '0085376', '2014-04-14 00:00:00', '紫金港西教学楼西2-408', '88206064', '', '鱼香肉丝套餐', 5, 50, '签单', '送餐途中', '经济学院本科与成人教育科', '西教学楼', '20140414000004', 1, 0),
(434, '戴超琴', '0085376', '2014-04-14 00:00:00', '紫金港西教学楼西2-408', '88206064', '', '香卤鸡腿套餐', 4, 40, '签单', '送餐途中', '经济学院本科与成人教育科', '西教学楼', '20140414000005', 1, 0),
(435, '严玲', '0010397', '2014-04-14 00:00:00', '紫金港纳米楼纳A-313', '88981034', '', '全素套餐', 2, 20, '签单', '送餐途中', '继续教育管理处外联与发展办公室', '纳米楼', '20140414000006', 1, 0),
(436, '严玲', '0010397', '2014-04-14 00:00:00', '紫金港纳米楼纳A-313', '88981034', '', '香卤鸡腿套餐', 2, 20, '签单', '送餐途中', '继续教育管理处外联与发展办公室', '纳米楼', '20140414000007', 1, 0),
(437, '严玲', '0010397', '2014-04-14 00:00:00', '紫金港纳米楼纳A-313', '88981034', '', '鱼香肉丝套餐', 6, 60, '签单', '送餐途中', '继续教育管理处外联与发展办公室', '纳米楼', '20140414000008', 1, 0),
(438, '梁晓珍', '1088280018', '2014-04-14 00:00:00', '紫金港纳米楼纳A-116', '88981606', '', '香卤鸡腿套餐', 13, 130, '签单', '送餐途中', '饮食服务中心', '纳米楼', '20140414000009', 1, 0),
(439, '梁晓珍', '1088280018', '2014-04-14 00:00:00', '紫金港纳米楼纳A-116', '88981606', '', '鱼香肉丝套餐', 16, 160, '签单', '送餐途中', '饮食服务中心', '纳米楼', '20140414000010', 1, 0),
(440, '梁晓珍', '1088280018', '2014-04-14 00:00:00', '紫金港纳米楼纳A-116', '88981606', '', '香卤鸡腿套餐', 1, 10, '签单', '送餐途中', '饮食服务中心', '纳米楼', '20140414000011', 1, 0),
(441, '孙惠红', '0087308', '2014-04-14 00:00:00', '紫金港纳米楼纳B-213', '88981347', '', '肉末飘香炒饭', 1, 8, '签单', '送餐途中', '发展联络办公室国内发展部', '纳米楼', '20140414000012', 1, 0),
(442, '孙惠红', '0087308', '2014-04-14 00:00:00', '紫金港纳米楼纳B-213', '88981347', '', '香卤鸡腿套餐', 12, 120, '签单', '送餐途中', '发展联络办公室国内发展部', '纳米楼', '20140414000013', 1, 0),
(443, '孙惠红', '0087308', '2014-04-14 00:00:00', '紫金港纳米楼纳B-213', '88981347', '', '鱼香肉丝套餐', 11, 110, '签单', '送餐途中', '发展联络办公室国内发展部', '纳米楼', '20140414000014', 1, 0),
(444, '孙惠红', '0087308', '2014-04-14 00:00:00', '紫金港纳米楼纳B-213', '88981347', '', '鱼香肉丝套餐', 1, 10, '签单', '送餐途中', '发展联络办公室国内发展部', '纳米楼', '20140414000015', 1, 0),
(445, '田红萍', '0096273', '2014-04-15 00:00:00', '紫金港农生组团农D-445', '88982191', '', '香酥鸭套餐', 1, 10, '签单', '送餐途中', '生物系统工程与食品科学学院党政办公室', '农生组团', '20140415000001', 1, 0),
(446, '田红萍', '0096273', '2014-04-15 00:00:00', '紫金港农生组团农D-445', '88982191', '', '豉椒五花肉套餐', 1, 10, '签单', '送餐途中', '生物系统工程与食品科学学院党政办公室', '农生组团', '20140415000002', 1, 0),
(447, '胡珍荣', '0911156', '2014-04-15 00:00:00', '紫金港农生组团农B-109-1', '86971359', '', '彩椒咸肉套餐', 7, 105, '签单', '送餐途中', '环境与资源学院', '农生组团', '20140415000003', 1, 0),
(448, '赵津婷', '0013416', '2014-04-15 00:00:00', '紫金港纳米楼纳B-109', '13291801402', '', '全素套餐', 1, 10, '电子支付', '送餐途中', '本科生院', '纳米楼', '20140415000004', 0, 0),
(450, '郭晓红', '11318068', '2014-04-15 00:00:00', '紫金港医学院科A310', '88208583', '', '香酥鸭套餐', 2, 20, '签单', '送餐途中', '医学院', '医学院', '20140415000006', 1, 0),
(451, '郭晓红', '11318068', '2014-04-15 00:00:00', '紫金港医学院科A310', '88208583', '', '回族套餐', 2, 20, '签单', '送餐途中', '医学院', '医学院', '20140415000007', 1, 0),
(452, '严昕', '0087261', '2014-04-15 00:00:00', '紫金港纳米楼纳A-308', '88206099', '', '香酥鸭套餐', 6, 60, '签单', '送餐途中', '接待服务中心', '纳米楼', '20140415000007', 1, 0),
(453, '杨明园', '0911397', '2014-04-15 00:00:00', '紫金港行政楼行政楼701-1', '88206867', '', '港式蒸排骨套餐', 1, 8, '电子支付', '送餐途中', '管理学院', '行政楼', '20140415000008', 0, 0),
(455, '严玲', '0010397', '2014-04-15 00:00:00', '紫金港纳米楼纳A-313', '88981034', '', '豉椒五花肉套餐', 6, 60, '签单', '送餐途中', '继续教育管理处外联与发展办公室', '纳米楼', '20140415000010', 1, 0),
(456, '严玲', '0010397', '2014-04-15 00:00:00', '紫金港纳米楼纳A-313', '88981034', '', '香酥鸭套餐', 6, 60, '签单', '送餐途中', '继续教育管理处外联与发展办公室', '纳米楼', '20140415000011', 1, 0),
(457, '孙惠红', '0087308', '2014-04-15 00:00:00', '紫金港东1-东4教学楼东1A-105', '88981347', '', '肉末飘香炒饭', 2, 16, '签单', '送餐途中', '发展联络办公室国内发展部', '东1-东4教学楼', '20140415000012', 1, 0),
(458, '王贞玉', '0912288', '2014-04-15 00:00:00', '紫金港行政楼行政楼501A', '88206807', '', '豉椒五花肉套餐', 1, 10, '签单', '送餐途中', '管理学院', '行政楼', '20140415000013', 1, 0),
(463, '孙惠红', '0087308', '2014-04-15 00:00:00', '紫金港纳米楼纳B-213', '88981347', '', '肉末飘香炒饭', 2, 16, '签单', '送餐途中', '发展联络办公室国内发展部', '纳米楼', '20140415000013', 1, 0),
(464, '孙惠红', '0087308', '2014-04-15 00:00:00', '紫金港纳米楼纳B-213', '88981347', '', '豉椒五花肉套餐', 3, 30, '签单', '送餐途中', '发展联络办公室国内发展部', '纳米楼', '20140415000014', 1, 0),
(465, '严昕', '0087261', '2014-04-16 00:00:00', '紫金港纳米楼纳A-308', '88206099', '', '香干酱肉套餐', 7, 70, '签单', '送餐途中', '接待服务中心', '纳米楼', '20140416000001', 1, 0),
(466, '严昕', '0087261', '2014-04-16 00:00:00', '紫金港纳米楼纳A-308', '88206099', '', '肉丝炒面套餐', 3, 24, '签单', '送餐途中', '接待服务中心', '纳米楼', '20140416000002', 1, 0),
(467, '王舒怡', '0912583', '2014-04-16 00:00:00', '紫金港东1-东4教学楼东3-301', '88981199', '', '全素套餐', 1, 10, '电子支付', '送餐途中', '社会科学研究院', '东1-东4教学楼', '20140416000003', 0, 0),
(468, '王舒怡', '0912583', '2014-04-16 00:00:00', '紫金港东1-东4教学楼东3-301', '88981199', '', '尖椒猪柳套餐', 1, 15, '电子支付', '送餐途中', '社会科学研究院', '东1-东4教学楼', '20140416000004', 0, 0),
(469, '王舒怡', '0912583', '2014-04-16 00:00:00', '紫金港东1-东4教学楼东3-301', '88981199', '', '剁椒鳊鱼套餐', 1, 10, '电子支付', '送餐途中', '社会科学研究院', '东1-东4教学楼', '20140416000005', 0, 0),
(470, '田红萍', '0096273', '2014-04-16 00:00:00', '紫金港农生组团农D-445', '88982191', '', '剁椒鳊鱼套餐', 1, 10, '签单', '送餐途中', '生物系统工程与食品科学学院党政办公室', '农生组团', '20140416000006', 1, 0),
(471, '田红萍', '0096273', '2014-04-16 00:00:00', '紫金港农生组团农D-445', '88982191', '', '香干酱肉套餐', 1, 10, '签单', '送餐途中', '生物系统工程与食品科学学院党政办公室', '农生组团', '20140416000007', 1, 0),
(472, '陈晓龙', '10707013', '2014-04-16 00:00:00', '紫金港纳米楼纳米楼A-265', '88208325', '', '香干酱肉套餐', 2, 20, '电子支付', '送餐途中', '农业与生物技术学院', '纳米楼', '20140416000008', 0, 0),
(473, '陈晓龙', '10707013', '2014-04-16 00:00:00', '紫金港纳米楼纳米楼A-265', '88208325', '', '香干酱肉套餐', 2, 20, '电子支付', '送餐途中', '农业与生物技术学院', '纳米楼', '20140416000009', 0, 0),
(474, '郭晓红', '11318068', '2014-04-16 00:00:00', '紫金港医学院科A310', '88208583', '', '剁椒鳊鱼套餐', 6, 60, '签单', '送餐途中', '医学院', '医学院', '20140416000010', 1, 0),
(475, '郭晓红', '11318068', '2014-04-16 00:00:00', '紫金港医学院科A310', '88208583', '', '香干酱肉套餐', 5, 50, '签单', '送餐途中', '医学院', '医学院', '20140416000011', 1, 0),
(476, '郭晓红', '11318068', '2014-04-16 00:00:00', '紫金港医学院科A310', '88208583', '', '回族套餐', 2, 20, '签单', '送餐途中', '医学院', '医学院', '20140416000012', 1, 0),
(477, '梁晓珍', '1088280018', '2014-04-16 00:00:00', '紫金港纳米楼纳A-116', '88981606', '', '剁椒鳊鱼套餐', 7, 70, '签单', '送餐途中', '饮食服务中心', '纳米楼', '20140416000013', 1, 0),
(478, '梁晓珍', '1088280018', '2014-04-16 00:00:00', '紫金港纳米楼纳A-116', '88981606', '', '全素套餐', 5, 50, '签单', '送餐途中', '饮食服务中心', '纳米楼', '20140416000014', 1, 0),
(479, '梁晓珍', '1088280018', '2014-04-16 00:00:00', '紫金港纳米楼纳A-116', '88981606', '', '回族套餐', 8, 80, '签单', '送餐途中', '饮食服务中心', '纳米楼', '20140416000015', 1, 0);
INSERT INTO `orderinfo` (`id`, `username`, `stuid`, `ordertime`, `address`, `phone`, `remark`, `food`, `amount`, `price`, `pay`, `status`, `dep`, `area`, `number`, `pay_status`, `finish`) VALUES
(480, '梁晓珍', '1088280018', '2014-04-16 00:00:00', '紫金港纳米楼纳A-116', '88981606', '', '香干酱肉套餐', 4, 40, '签单', '送餐途中', '饮食服务中心', '纳米楼', '20140416000016', 1, 0),
(481, '黄欣欣', '0078625', '2014-04-16 00:00:00', '紫金港药学院药学院242', '88208419', '', '肉丝炒面套餐', 1, 8, '电子支付', '送餐途中', '其他', '药学院', '20140416000017', 0, 0),
(482, '严玲', '0010397', '2014-04-16 00:00:00', '紫金港纳米楼纳A-313', '88981034', '', '剁椒鳊鱼套餐', 6, 60, '签单', '送餐途中', '继续教育管理处外联与发展办公室', '纳米楼', '20140416000018', 1, 0),
(483, '严玲', '0010397', '2014-04-16 00:00:00', '紫金港纳米楼纳A-313', '88981034', '', '香干酱肉套餐', 7, 70, '签单', '送餐途中', '继续教育管理处外联与发展办公室', '纳米楼', '20140416000019', 1, 0),
(484, '黄欣欣', '0078625', '2014-04-16 00:00:00', '紫金港药学院药学院242', '88208419', '', '肉丝炒面套餐', 1, 8, '电子支付', '送餐途中', '其他', '药学院', '20140416000020', 0, 0),
(485, '孙惠红', '0087308', '2014-04-16 00:00:00', '紫金港纳米楼纳B-213', '88981347', '', '肉丝炒面套餐', 7, 56, '签单', '送餐途中', '发展联络办公室国内发展部', '纳米楼', '20140416000021', 1, 0),
(486, '孙惠红', '0087308', '2014-04-16 00:00:00', '紫金港纳米楼纳B-213', '88981347', '', '全素套餐', 3, 30, '签单', '送餐途中', '发展联络办公室国内发展部', '纳米楼', '20140416000022', 1, 0),
(487, '孙惠红', '0087308', '2014-04-16 00:00:00', '紫金港纳米楼纳B-213', '88981347', '', '剁椒鳊鱼套餐', 10, 100, '签单', '送餐途中', '发展联络办公室国内发展部', '纳米楼', '20140416000023', 1, 0),
(488, '孙惠红', '0087308', '2014-04-16 00:00:00', '紫金港纳米楼纳B-213', '88981347', '', '香干酱肉套餐', 9, 90, '签单', '送餐途中', '发展联络办公室国内发展部', '纳米楼', '20140416000024', 1, 0),
(489, '严玲', '0010397', '2014-04-17 00:00:00', '紫金港纳米楼纳A-313', '88981034', '', '全素套餐', 2, 20, '签单', '送餐途中', '继续教育管理处外联与发展办公室', '纳米楼', '20140417000001', 1, 0),
(490, '严玲', '0010397', '2014-04-17 00:00:00', '紫金港纳米楼纳A-313', '88981034', '', '糖醋里脊套餐', 6, 60, '签单', '送餐途中', '继续教育管理处外联与发展办公室', '纳米楼', '20140417000002', 1, 0),
(491, '严玲', '0010397', '2014-04-17 00:00:00', '紫金港纳米楼纳A-313', '88981034', '', '南乳子排套餐', 4, 40, '签单', '送餐途中', '继续教育管理处外联与发展办公室', '纳米楼', '20140417000003', 1, 0),
(492, '汤甜甜', '0013327', '2014-04-17 00:00:00', '紫金港农生组团农E-251', '88982310', '', '剁椒鲈鱼套餐', 9, 135, '电子支付', '送餐途中', '动物科学学院党政办公室', '农生组团', '20140417000004', 0, 0),
(493, '田红萍', '0096273', '2014-04-17 00:00:00', '紫金港农生组团农D-445', '88982191', '', '糖醋里脊套餐', 1, 10, '签单', '送餐途中', '生物系统工程与食品科学学院党政办公室', '农生组团', '20140417000005', 1, 0),
(494, '田红萍', '0096273', '2014-04-17 00:00:00', '紫金港农生组团农D-445', '88982191', '', '回族套餐', 1, 10, '签单', '送餐途中', '生物系统工程与食品科学学院党政办公室', '农生组团', '20140417000006', 1, 0),
(495, '汤甜甜', '0013327', '2014-04-17 00:00:00', '紫金港农生组团农E-251', '88982310', '', '剁椒鲈鱼套餐', 9, 135, '签单', '送餐途中', '动物科学学院党政办公室', '农生组团', '20140417000007', 1, 0),
(496, '郭晓红', '11318068', '2014-04-17 00:00:00', '紫金港医学院科A310', '88208583', '', '回族套餐', 2, 20, '签单', '送餐途中', '医学院', '医学院', '20140417000008', 1, 0),
(497, '郭晓红', '11318068', '2014-04-17 00:00:00', '紫金港医学院科A310', '88208583', '', '糖醋里脊套餐', 9, 90, '签单', '送餐途中', '医学院', '医学院', '20140417000009', 1, 0),
(498, '李霞玲', '0913349', '2014-04-17 00:00:00', '紫金港西教学楼西3B-209', '15224037825', '', '鸡蛋炒河粉套餐', 1, 8, '电子支付', '送餐途中', '其他', '西教学楼', '20140417000010', 0, 0),
(499, '黄欣欣', '0078625', '2014-04-17 00:00:00', '紫金港药学院药学院242', '88208419', '', '糖醋里脊套餐', 1, 10, '电子支付', '送餐途中', '其他', '药学院', '20140417000011', 0, 0),
(500, '黄欣欣', '0078625', '2014-04-17 00:00:00', '紫金港药学院药学院242', '88208419', '', '糖醋里脊套餐', 1, 10, '电子支付', '送餐途中', '其他', '药学院', '20140417000012', 0, 0),
(501, '黄欣欣', '0078625', '2014-04-17 00:00:00', '紫金港药学院药学院242', '88208419', '', '糖醋里脊套餐', 1, 10, '电子支付', '送餐途中', '其他', '药学院', '20140417000013', 0, 0),
(502, '梁晓珍', '1088280018', '2014-04-17 00:00:00', '紫金港纳米楼纳A-116', '88981606', '', '全素套餐', 4, 40, '签单', '送餐途中', '饮食服务中心', '纳米楼', '20140417000014', 1, 0),
(503, '梁晓珍', '1088280018', '2014-04-17 00:00:00', '紫金港纳米楼纳A-116', '88981606', '', '回族套餐', 5, 50, '签单', '送餐途中', '饮食服务中心', '纳米楼', '20140417000015', 1, 0),
(504, '梁晓珍', '1088280018', '2014-04-17 00:00:00', '紫金港纳米楼纳A-116', '88981606', '', '糖醋里脊套餐', 11, 110, '签单', '送餐途中', '饮食服务中心', '纳米楼', '20140417000016', 1, 0),
(505, '梁晓珍', '1088280018', '2014-04-17 00:00:00', '紫金港纳米楼纳A-116', '88981606', '', '南乳子排套餐', 5, 50, '签单', '送餐途中', '饮食服务中心', '纳米楼', '20140417000017', 1, 0),
(506, '黄欣欣', '0078625', '2014-04-17 00:00:00', '紫金港药学院药学院242', '88208419', '', '糖醋里脊套餐', 1, 10, '电子支付', '送餐途中', '其他', '药学院', '20140417000018', 0, 0),
(507, '严昕', '0087261', '2014-04-17 00:00:00', '紫金港纳米楼纳A-308', '88206099', '', '土豆鸡块套餐', 1, 10, '签单', '送餐途中', '接待服务中心', '纳米楼', '20140417000019', 1, 0),
(509, '严昕', '0087261', '2014-04-18 00:00:00', '紫金港纳米楼纳A-308', '88206099', '', '红葱大排 套餐', 4, 40, '签单', '送餐途中', '接待服务中心', '纳米楼', '20140418000002', 1, 0),
(510, '严玲', '0010397', '2014-04-18 00:00:00', '紫金港纳米楼纳A-313', '88981034', '', '全素套餐', 2, 20, '签单', '送餐途中', '继续教育管理处外联与发展办公室', '纳米楼', '20140418000003', 1, 0),
(511, '严玲', '0010397', '2014-04-18 00:00:00', '紫金港纳米楼纳A-313', '88981034', '', '红葱大排 套餐', 6, 60, '签单', '送餐途中', '继续教育管理处外联与发展办公室', '纳米楼', '20140418000004', 1, 0),
(512, '严玲', '0010397', '2014-04-18 00:00:00', '紫金港纳米楼纳A-313', '88981034', '', '土豆烧肉套餐', 3, 30, '签单', '送餐途中', '继续教育管理处外联与发展办公室', '纳米楼', '20140418000005', 1, 0),
(513, '田红萍', '0096273', '2014-04-18 00:00:00', '紫金港农生组团农D-445', '88982191', '', '红烧大子排套餐', 35, 525, '签单', '送餐途中', '生物系统工程与食品科学学院党政办公室', '农生组团', '20140418000006', 1, 0),
(514, '梁晓珍', '1088280018', '2014-04-18 00:00:00', '紫金港纳米楼纳A-116', '88981606', '', '土豆烧肉套餐', 4, 40, '签单', '送餐途中', '饮食服务中心', '纳米楼', '20140418000006', 1, 1),
(515, '梁晓珍', '1088280018', '2014-04-18 00:00:00', '紫金港纳米楼纳A-116', '88981606', '', '全素套餐', 6, 60, '签单', '送餐途中', '饮食服务中心', '纳米楼', '20140418000007', 1, 1),
(516, '梁晓珍', '1088280018', '2014-04-18 00:00:00', '紫金港纳米楼纳A-116', '88981606', '', '回族套餐', 3, 30, '签单', '送餐途中', '饮食服务中心', '纳米楼', '20140418000008', 1, 1),
(517, '梁晓珍', '1088280018', '2014-04-18 00:00:00', '紫金港纳米楼纳A-116', '88981606', '', '红葱大排 套餐', 12, 120, '签单', '送餐途中', '饮食服务中心', '纳米楼', '20140418000009', 1, 1),
(518, '孙惠红', '0087308', '2014-04-18 00:00:00', '紫金港纳米楼纳B-213', '88981347', '', '肉末飘香炒饭', 6, 48, '签单', '送餐途中', '发展联络办公室国内发展部', '纳米楼', '20140418000010', 1, 0),
(519, '严昕', '0087261', '2014-04-21 00:00:00', '紫金港纳米楼纳A-308', '88206099', '', '肉末飘香炒饭', 3, 24, '签单', '送餐途中', '接待服务中心', '纳米楼', '20140421000001', 1, 0),
(520, '严昕', '0087261', '2014-04-21 00:00:00', '紫金港纳米楼纳A-308', '88206099', '', '滑蛋里脊套餐', 3, 30, '签单', '送餐途中', '接待服务中心', '纳米楼', '20140421000002', 1, 0),
(521, '严昕', '0087261', '2014-04-21 00:00:00', '紫金港纳米楼纳A-308', '88206099', '', '香卤鸡腿套餐', 3, 30, '签单', '送餐途中', '接待服务中心', '纳米楼', '20140421000003', 1, 0),
(522, '严玲', '0010397', '2014-04-21 00:00:00', '紫金港纳米楼纳A-313', '88981034', '', '全素套餐', 1, 10, '签单', '送餐途中', '继续教育管理处外联与发展办公室', '纳米楼', '20140421000004', 1, 0),
(523, '严玲', '0010397', '2014-04-21 00:00:00', '紫金港纳米楼纳A-313', '88981034', '', '滑蛋里脊套餐', 4, 40, '签单', '送餐途中', '继续教育管理处外联与发展办公室', '纳米楼', '20140421000005', 1, 0),
(524, '严玲', '0010397', '2014-04-21 00:00:00', '紫金港纳米楼纳A-313', '88981034', '', '香卤鸡腿套餐', 5, 50, '签单', '送餐途中', '继续教育管理处外联与发展办公室', '纳米楼', '20140421000006', 1, 0),
(525, '郭晓红', '11318068', '2014-04-21 00:00:00', '紫金港医学院科A310', '88208583', '', '滑蛋里脊套餐', 7, 70, '签单', '送餐途中', '医学院', '医学院', '20140421000007', 1, 0),
(526, '郭晓红', '11318068', '2014-04-21 00:00:00', '紫金港医学院科A310', '88208583', '', '香卤鸡腿套餐', 4, 40, '签单', '送餐途中', '医学院', '医学院', '20140421000008', 1, 0),
(527, '郭晓红', '11318068', '2014-04-21 00:00:00', '紫金港医学院科A310', '88208583', '', '回族套餐', 1, 10, '签单', '送餐途中', '医学院', '医学院', '20140421000009', 1, 0),
(528, '严玲', '0010397', '2014-04-21 00:00:00', '紫金港纳米楼纳A-313', '88981034', '', '滑蛋里脊套餐', 1, 10, '签单', '送餐途中', '继续教育管理处外联与发展办公室', '纳米楼', '20140421000010', 1, 0),
(529, '田红萍', '0096273', '2014-04-21 00:00:00', '紫金港农生组团农D-445', '88982191', '', '回族套餐', 3, 30, '签单', '送餐途中', '生物系统工程与食品科学学院党政办公室', '农生组团', '20140421000011', 1, 0),
(530, '梁晓珍', '1088280018', '2014-04-21 00:00:00', '紫金港纳米楼纳A-116', '88981606', '', '滑蛋里脊套餐', 14, 140, '签单', '送餐途中', '饮食服务中心', '纳米楼', '20140421000012', 1, 0),
(531, '王祎', '3120101219', '2014-04-21 00:00:00', '紫金港外卖窗口（食堂一楼西北角）外卖窗口', '18868106135', '', '全素套餐', 1, 10, '电子支付', '送餐途中', '求是学院', '外卖窗口（食堂一楼西北角）', '20140421000013', 0, 0),
(532, '严昕', '0087261', '2014-04-22 00:00:00', '紫金港纳米楼纳A-308', '88206099', '', '糖醋里脊套餐', 10, 100, '签单', '送餐途中', '接待服务中心', '纳米楼', '20140422000001', 1, 0),
(533, '戴爱敏', '0085530', '2014-04-22 00:00:00', '紫金港东1-东4教学楼东1A-105', '13018951965', '', '全素套餐', 1, 10, '电子支付', '餐已收到', '饮食服务中心', '东1-东4教学楼', '20140422000002', 1, 0),
(534, '严玲', '0010397', '2014-04-22 00:00:00', '紫金港纳米楼纳A-313', '88981034', '', '全素套餐', 1, 10, '签单', '送餐途中', '继续教育管理处外联与发展办公室', '纳米楼', '20140422000003', 1, 0),
(535, '严玲', '0010397', '2014-04-22 00:00:00', '紫金港纳米楼纳A-313', '88981034', '', '糖醋里脊套餐', 10, 100, '签单', '送餐途中', '继续教育管理处外联与发展办公室', '纳米楼', '20140422000004', 1, 0),
(536, '严玲', '0010397', '2014-04-22 00:00:00', '紫金港纳米楼纳A-313', '88981034', '', '豉椒五花肉套餐', 2, 20, '签单', '送餐途中', '继续教育管理处外联与发展办公室', '纳米楼', '20140422000005', 1, 0),
(537, '郭晓红', '11318068', '2014-04-22 00:00:00', '紫金港医学院科A310', '88208583', '', '糖醋里脊套餐', 4, 40, '签单', '送餐途中', '医学院', '医学院', '20140422000006', 1, 0),
(538, '郭晓红', '11318068', '2014-04-22 00:00:00', '紫金港医学院科A310', '88208583', '', '豉椒五花肉套餐', 9, 90, '签单', '送餐途中', '医学院', '医学院', '20140422000007', 1, 0),
(539, '郭晓红', '11318068', '2014-04-22 00:00:00', '紫金港医学院科A310', '88208583', '', '回族套餐', 1, 10, '签单', '送餐途中', '医学院', '医学院', '20140422000008', 1, 0),
(540, '田红萍', '0096273', '2014-04-22 00:00:00', '紫金港农生组团农D-445', '88982191', '', '豉椒五花肉套餐', 1, 10, '签单', '送餐途中', '生物系统工程与食品科学学院党政办公室', '农生组团', '20140422000009', 1, 0),
(541, '田红萍', '0096273', '2014-04-22 00:00:00', '紫金港农生组团农D-445', '88982191', '', '糖醋里脊套餐', 1, 10, '签单', '送餐途中', '生物系统工程与食品科学学院党政办公室', '农生组团', '20140422000010', 1, 0),
(542, '孙惠红', '0087308', '2014-04-22 00:00:00', '紫金港纳米楼纳B-213', '88981347', '', '肉末飘香炒饭', 10, 80, '签单', '送餐途中', '发展联络办公室国内发展部', '纳米楼', '20140422000011', 1, 0),
(543, '孙惠红', '0087308', '2014-04-22 00:00:00', '紫金港纳米楼纳B-213', '88981347', '', '全素套餐', 1, 10, '签单', '送餐途中', '发展联络办公室国内发展部', '纳米楼', '20140422000012', 1, 0),
(544, '孙惠红', '0087308', '2014-04-22 00:00:00', '紫金港纳米楼纳B-213', '88981347', '', '豉椒五花肉套餐', 11, 110, '签单', '送餐途中', '发展联络办公室国内发展部', '纳米楼', '20140422000013', 1, 0),
(545, '孙惠红', '0087308', '2014-04-22 00:00:00', '紫金港纳米楼纳B-213', '88981347', '', '糖醋里脊套餐', 10, 100, '签单', '送餐途中', '发展联络办公室国内发展部', '纳米楼', '20140422000014', 1, 0),
(546, '田红萍', '0096273', '2014-04-23 00:00:00', '紫金港农生组团农D-445', '88982191', '', '土豆排骨套餐', 1, 10, '签单', '送餐途中', '生物系统工程与食品科学学院党政办公室', '农生组团', '20140423000001', 1, 0),
(547, '田红萍', '0096273', '2014-04-23 00:00:00', '紫金港农生组团农D-445', '88982191', '', '萝卜丝带鱼套餐', 1, 10, '签单', '送餐途中', '生物系统工程与食品科学学院党政办公室', '农生组团', '20140423000002', 1, 0),
(548, '严昕', '0087261', '2014-04-23 00:00:00', '紫金港纳米楼纳A-308', '88206099', '', '萝卜丝带鱼套餐', 3, 30, '签单', '送餐途中', '接待服务中心', '纳米楼', '20140423000003', 1, 0),
(549, '严昕', '0087261', '2014-04-23 00:00:00', '紫金港纳米楼纳A-308', '88206099', '', '土豆排骨套餐', 6, 60, '签单', '送餐途中', '接待服务中心', '纳米楼', '20140423000004', 1, 0),
(550, '郭晓红', '11318068', '2014-04-23 00:00:00', '紫金港医学院科A310', '88208583', '', '萝卜丝带鱼套餐', 4, 40, '签单', '送餐途中', '医学院', '医学院', '20140423000005', 1, 0),
(551, '郭晓红', '11318068', '2014-04-23 00:00:00', '紫金港医学院科A310', '88208583', '', '土豆排骨套餐', 8, 80, '签单', '送餐途中', '医学院', '医学院', '20140423000006', 1, 0),
(552, '郭晓红', '11318068', '2014-04-23 00:00:00', '紫金港医学院科A310', '88208583', '', '回族套餐', 1, 10, '签单', '送餐途中', '医学院', '医学院', '20140423000007', 1, 0),
(553, '梁晓珍', '1088280018', '2014-04-23 00:00:00', '紫金港纳米楼纳A-116', '88981606', '', '肉丝炒面套餐', 1, 8, '签单', '送餐途中', '饮食服务中心', '纳米楼', '20140423000008', 1, 0),
(554, '梁晓珍', '1088280018', '2014-04-23 00:00:00', '紫金港纳米楼纳A-116', '88981606', '', '土豆排骨套餐', 5, 50, '签单', '送餐途中', '饮食服务中心', '纳米楼', '20140423000009', 1, 0),
(555, '梁晓珍', '1088280018', '2014-04-23 00:00:00', '紫金港纳米楼纳A-116', '88981606', '', '萝卜丝带鱼套餐', 10, 100, '签单', '送餐途中', '饮食服务中心', '纳米楼', '20140423000010', 1, 0),
(556, '梁晓珍', '1088280018', '2014-04-23 00:00:00', '紫金港纳米楼纳A-116', '88981606', '', '全素套餐', 4, 40, '签单', '送餐途中', '饮食服务中心', '纳米楼', '20140423000011', 1, 0),
(557, '梁晓珍', '1088280018', '2014-04-23 00:00:00', '紫金港纳米楼纳A-116', '88981606', '', '回族套餐', 3, 30, '签单', '送餐途中', '饮食服务中心', '纳米楼', '20140423000012', 1, 0),
(558, '严玲', '0010397', '2014-04-23 00:00:00', '紫金港纳米楼纳A-313', '88981034', '', '萝卜丝带鱼套餐', 7, 70, '签单', '送餐途中', '继续教育管理处外联与发展办公室', '纳米楼', '20140423000013', 1, 0),
(559, '严玲', '0010397', '2014-04-23 00:00:00', '紫金港纳米楼纳A-313', '88981034', '', '土豆排骨套餐', 4, 40, '签单', '送餐途中', '继续教育管理处外联与发展办公室', '纳米楼', '20140423000014', 1, 0),
(560, '严玲', '0010397', '2014-04-23 00:00:00', '紫金港纳米楼纳A-313', '88981034', '', '全素套餐', 1, 10, '签单', '送餐途中', '继续教育管理处外联与发展办公室', '纳米楼', '20140423000015', 1, 0),
(561, '夏平', '0013383', '2014-04-23 00:00:00', '紫金港农生组团农D-445', '13588414013', '', '彩椒咸肉套餐', 11, 165, '签单', '送餐途中', '生物系统工程与食品科学学院团委', '农生组团', '20140423000016', 1, 0),
(562, '夏平', '0013383', '2014-04-23 00:00:00', '紫金港农生组团农D-445', '13588414013', '', '全素套餐', 2, 20, '签单', '送餐途中', '生物系统工程与食品科学学院团委', '农生组团', '20140423000017', 1, 0),
(563, '孙惠红', '0087308', '2014-04-23 00:00:00', '紫金港纳米楼纳B-213', '88981347', '', '肉丝炒面套餐', 7, 56, '签单', '送餐途中', '发展联络办公室国内发展部', '纳米楼', '20140423000018', 1, 0),
(564, '孙惠红', '0087308', '2014-04-23 00:00:00', '紫金港纳米楼纳B-213', '88981347', '', '土豆排骨套餐', 7, 70, '签单', '送餐途中', '发展联络办公室国内发展部', '纳米楼', '20140423000019', 1, 0),
(565, '孙惠红', '0087308', '2014-04-23 00:00:00', '紫金港纳米楼纳B-213', '88981347', '', '萝卜丝带鱼套餐', 6, 60, '签单', '送餐途中', '发展联络办公室国内发展部', '纳米楼', '20140423000020', 1, 0),
(566, '郭晓红', '11318068', '2014-04-23 00:00:00', '紫金港医学院科A310', '88208583', '', '土豆排骨套餐', 1, 10, '签单', '送餐途中', '医学院', '医学院', '20140423000021', 1, 0),
(567, '陈瑶', '0009360', '2014-04-24 00:00:00', '紫金港农生组团农E-257', '13634119133', '', '梅干菜烧肉套餐', 11, 110, '签单', '送餐途中', '动物科学学院组织人事科', '农生组团', '20140424000001', 1, 0),
(568, '刘影', '0910102', '2014-04-24 00:00:00', '紫金港医学院科A-208', '18868108112', '', '香酥鸭套餐', 6, 60, '签单', '送餐途中', '生命科学研究院', '医学院', '20140424000002', 1, 0),
(569, '刘影', '0910102', '2014-04-24 00:00:00', '紫金港医学院科A-208', '18868108112', '', '梅干菜烧肉套餐', 6, 60, '签单', '送餐途中', '生命科学研究院', '医学院', '20140424000003', 1, 0),
(570, '严玲', '0010397', '2014-04-24 00:00:00', '紫金港纳米楼纳A-313', '88981034', '', '梅干菜烧肉套餐', 9, 90, '签单', '送餐途中', '继续教育管理处外联与发展办公室', '纳米楼', '20140424000004', 1, 0),
(571, '严玲', '0010397', '2014-04-24 00:00:00', '紫金港纳米楼纳A-313', '88981034', '', '全素套餐', 1, 10, '签单', '送餐途中', '继续教育管理处外联与发展办公室', '纳米楼', '20140424000005', 1, 0),
(572, '严昕', '0087261', '2014-04-24 00:00:00', '紫金港纳米楼纳A-308', '88206099', '', '鸡蛋炒河粉套餐', 3, 24, '签单', '送餐途中', '接待服务中心', '纳米楼', '20140424000006', 1, 0),
(573, '严昕', '0087261', '2014-04-24 00:00:00', '紫金港纳米楼纳A-308', '88206099', '', '香酥鸭套餐', 4, 40, '签单', '送餐途中', '接待服务中心', '纳米楼', '20140424000007', 1, 0),
(574, '严昕', '0087261', '2014-04-24 00:00:00', '紫金港纳米楼纳A-308', '88206099', '', '梅干菜烧肉套餐', 4, 40, '签单', '送餐途中', '接待服务中心', '纳米楼', '20140424000008', 1, 0),
(575, '梁晓珍', '1088280018', '2014-04-24 00:00:00', '紫金港纳米楼纳A-116', '88981606', '', '全素套餐', 9, 90, '签单', '送餐途中', '饮食服务中心', '纳米楼', '20140424000009', 1, 0),
(576, '梁晓珍', '1088280018', '2014-04-24 00:00:00', '紫金港纳米楼纳A-116', '88981606', '', '回族套餐', 1, 10, '签单', '送餐途中', '饮食服务中心', '纳米楼', '20140424000010', 1, 0),
(577, '梁晓珍', '1088280018', '2014-04-24 00:00:00', '紫金港纳米楼纳A-116', '88981606', '', '香酥鸭套餐', 11, 110, '签单', '送餐途中', '饮食服务中心', '纳米楼', '20140424000011', 1, 0),
(578, '梁晓珍', '1088280018', '2014-04-24 00:00:00', '紫金港纳米楼纳A-116', '88981606', '', '梅干菜烧肉套餐', 3, 30, '签单', '送餐途中', '饮食服务中心', '纳米楼', '20140424000012', 1, 0),
(579, '梁晓珍', '1088280018', '2014-04-24 00:00:00', '紫金港纳米楼纳A-116', '88981606', '', '鸡蛋炒河粉套餐', 1, 8, '签单', '送餐途中', '饮食服务中心', '纳米楼', '20140424000013', 1, 0),
(580, '郭晓红', '11318068', '2014-04-24 00:00:00', '紫金港医学院科A310', '88208583', '', '香酥鸭套餐', 4, 40, '签单', '送餐途中', '医学院', '医学院', '20140424000014', 1, 0),
(581, '郭晓红', '11318068', '2014-04-24 00:00:00', '紫金港医学院科A310', '88208583', '', '梅干菜烧肉套餐', 9, 90, '签单', '送餐途中', '医学院', '医学院', '20140424000015', 1, 0),
(582, '田红萍', '0096273', '2014-04-24 00:00:00', '紫金港农生组团农D-445', '88982191', '', '梅干菜烧肉套餐', 1, 10, '签单', '送餐途中', '生物系统工程与食品科学学院党政办公室', '农生组团', '20140424000016', 1, 0),
(583, '田红萍', '0096273', '2014-04-24 00:00:00', '紫金港农生组团农D-445', '88982191', '', '香酥鸭套餐', 1, 10, '签单', '送餐途中', '生物系统工程与食品科学学院党政办公室', '农生组团', '20140424000017', 1, 0),
(584, '杨敏', '0095524', '2014-04-24 00:00:00', '紫金港外卖窗口（食堂一楼西北角）外卖窗口', '13516852440', '', '减肥套餐', 2, 16, '电子支付', '送餐途中', '公共卫生系', '外卖窗口（食堂一楼西北角）', '20140424000018', 0, 0),
(585, '孙惠红', '0087308', '2014-04-24 00:00:00', '紫金港纳米楼纳B-213', '88981347', '', '香酥鸭套餐', 10, 100, '签单', '送餐途中', '发展联络办公室国内发展部', '纳米楼', '20140424000019', 1, 0),
(586, '孙惠红', '0087308', '2014-04-24 00:00:00', '紫金港纳米楼纳B-213', '88981347', '', '梅干菜烧肉套餐', 11, 110, '签单', '送餐途中', '发展联络办公室国内发展部', '纳米楼', '20140424000020', 1, 0),
(587, '孙惠红', '0087308', '2014-04-24 00:00:00', '紫金港纳米楼纳B-213', '88981347', '', '鸡蛋炒河粉套餐', 1, 8, '签单', '送餐途中', '发展联络办公室国内发展部', '纳米楼', '20140424000021', 1, 0),
(588, '胡珍荣', '0911156', '2014-04-25 00:00:00', '紫金港农生组团农B-109-1', '86971359', '', '红烧大子排套餐', 10, 150, '签单', '送餐途中', '环境与资源学院', '农生组团', '20140425000001', 1, 0),
(589, '严昕', '0087261', '2014-04-25 00:00:00', '紫金港纳米楼纳A-308', '88206099', '', '鸡蛋炒河粉套餐', 1, 8, '签单', '餐已收到', '接待服务中心', '纳米楼', '20140425000002', 1, 0),
(590, '严昕', '0087261', '2014-04-25 00:00:00', '紫金港纳米楼纳A-308', '88206099', '', '红葱大排 套餐', 5, 50, '签单', '餐已收到', '接待服务中心', '纳米楼', '20140425000003', 1, 0),
(591, '严昕', '0087261', '2014-04-25 00:00:00', '紫金港纳米楼纳A-308', '88206099', '', '香干酱肉套餐', 5, 50, '签单', '餐已收到', '接待服务中心', '纳米楼', '20140425000004', 1, 0),
(592, '严玲', '0010397', '2014-04-25 00:00:00', '紫金港纳米楼纳A-313', '88981034', '', '全素套餐', 1, 10, '签单', '餐已收到', '继续教育管理处外联与发展办公室', '纳米楼', '20140425000005', 1, 0),
(593, '严玲', '0010397', '2014-04-25 00:00:00', '紫金港纳米楼纳A-313', '88981034', '', '红葱大排 套餐', 7, 70, '签单', '餐已收到', '继续教育管理处外联与发展办公室', '纳米楼', '20140425000006', 1, 0),
(594, '严玲', '0010397', '2014-04-25 00:00:00', '紫金港纳米楼纳A-313', '88981034', '', '香干酱肉套餐', 6, 60, '签单', '餐已收到', '继续教育管理处外联与发展办公室', '纳米楼', '20140425000007', 1, 0),
(595, '周晓霞', '0087221', '2014-04-25 00:00:00', '紫金港校医院医院2号楼--3F', '88206010', '', '鸡蛋炒河粉套餐', 1, 8, '电子支付', '送餐途中', '校医院校医院华家池校区分院', '校医院', '20140425000008', 0, 0),
(596, '梁晓珍', '1088280018', '2014-04-25 00:00:00', '紫金港纳米楼纳A-116', '88981606', '', '香干酱肉套餐', 5, 50, '签单', '餐已收到', '饮食服务中心', '纳米楼', '20140425000009', 1, 0),
(597, '梁晓珍', '1088280018', '2014-04-25 00:00:00', '紫金港纳米楼纳A-116', '88981606', '', '全素套餐', 7, 70, '签单', '餐已收到', '饮食服务中心', '纳米楼', '20140425000010', 1, 0),
(598, '梁晓珍', '1088280018', '2014-04-25 00:00:00', '紫金港纳米楼纳A-116', '88981606', '', '减肥套餐', 2, 16, '签单', '餐已收到', '饮食服务中心', '纳米楼', '20140425000011', 1, 0),
(599, '梁晓珍', '1088280018', '2014-04-25 00:00:00', '紫金港纳米楼纳A-116', '88981606', '', '红葱大排 套餐', 10, 100, '签单', '餐已收到', '饮食服务中心', '纳米楼', '20140425000012', 1, 0),
(600, '梁晓珍', '1088280018', '2014-04-25 00:00:00', '紫金港纳米楼纳A-116', '88981606', '', '鸡蛋炒河粉套餐', 1, 8, '签单', '餐已收到', '饮食服务中心', '纳米楼', '20140425000013', 1, 0),
(601, '严玲', '0010397', '2014-04-25 00:00:00', '紫金港纳米楼纳A-313', '88981034', '', '全素套餐', 1, 10, '签单', '餐已收到', '继续教育管理处外联与发展办公室', '纳米楼', '20140425000014', 1, 0),
(602, '田红萍', '0096273', '2014-04-25 00:00:00', '紫金港农生组团农D-445', '88982191', '', '红葱大排 套餐', 1, 10, '签单', '送餐途中', '生物系统工程与食品科学学院党政办公室', '农生组团', '20140425000015', 1, 0),
(603, '田红萍', '0096273', '2014-04-25 00:00:00', '紫金港农生组团农D-445', '88982191', '', '红葱大排 套餐', 1, 10, '签单', '送餐途中', '生物系统工程与食品科学学院党政办公室', '农生组团', '20140425000016', 1, 0),
(604, '马飞', '9140110731', '2014-04-25 00:00:00', '紫金港东1-东4教学楼东1A-105', '15957129841', '', '回族套餐', 1, 10, '电子支付', '送餐途中', '校外专用', '东1-东4教学楼', '20140425000017', 0, 0),
(605, '孙惠红', '0087308', '2014-04-25 00:00:00', '紫金港纳米楼纳B-213', '88981347', '', '鸡蛋炒河粉套餐', 12, 96, '签单', '餐已收到', '发展联络办公室国内发展部', '纳米楼', '20140425000018', 1, 0),
(606, '孙惠红', '0087308', '2014-04-25 00:00:00', '紫金港纳米楼纳B-213', '88981347', '', '减肥套餐', 1, 8, '签单', '餐已收到', '发展联络办公室国内发展部', '纳米楼', '20140425000019', 1, 0),
(607, '孙惠红', '0087308', '2014-04-25 00:00:00', '紫金港纳米楼纳B-213', '88981347', '', '全素套餐', 1, 10, '签单', '餐已收到', '发展联络办公室国内发展部', '纳米楼', '20140425000020', 1, 0),
(608, '孙惠红', '0087308', '2014-04-25 00:00:00', '紫金港纳米楼纳B-213', '88981347', '', '红葱大排 套餐', 13, 130, '签单', '餐已收到', '发展联络办公室国内发展部', '纳米楼', '20140425000021', 1, 0),
(609, '孙惠红', '0087308', '2014-04-25 00:00:00', '紫金港纳米楼纳B-213', '88981347', '', '香干酱肉套餐', 10, 100, '签单', '餐已收到', '发展联络办公室国内发展部', '纳米楼', '20140425000022', 1, 0),
(610, '马飞', '9140110731', '2014-04-25 00:00:00', '紫金港东1-东4教学楼东1A-105', '15957129841', '', '全素套餐', 1, 10, '电子支付', '送餐途中', '校外专用', '东1-东4教学楼', '20140425000023', 0, 0),
(611, '田红萍', '0096273', '2014-04-28 00:00:00', '紫金港农生组团农D-445', '88982191', '', '滑蛋里脊套餐', 2, 20, '电子支付', '送餐途中', '生物系统工程与食品科学学院党政办公室', '农生组团', '20140428000001', 0, 0),
(612, '严昕', '0087261', '2014-04-28 00:00:00', '紫金港纳米楼纳A-308', '88206099', '', '东坡肉套餐', 9, 90, '签单', '餐已收到', '接待服务中心', '纳米楼', '20140428000002', 1, 0),
(613, '郭晓红', '11318068', '2014-04-28 00:00:00', '紫金港医学院科A310', '88208583', '', '鱼香肉丝套餐', 6, 60, '签单', '送餐途中', '医学院', '医学院', '20140428000003', 1, 0),
(614, '郭晓红', '11318068', '2014-04-28 00:00:00', '紫金港医学院科A310', '88208583', '', '东坡肉套餐', 7, 70, '签单', '送餐途中', '医学院', '医学院', '20140428000004', 1, 0),
(615, '严玲', '0010397', '2014-04-28 00:00:00', '紫金港纳米楼纳A-313', '88981034', '', '全素套餐', 1, 10, '签单', '餐已收到', '继续教育管理处外联与发展办公室', '纳米楼', '20140428000005', 1, 0),
(616, '严玲', '0010397', '2014-04-28 00:00:00', '紫金港纳米楼纳A-313', '88981034', '', '东坡肉套餐', 11, 110, '签单', '餐已收到', '继续教育管理处外联与发展办公室', '纳米楼', '20140428000006', 1, 0),
(617, '严昕', '0087261', '2014-04-28 00:00:00', '紫金港纳米楼纳A-308', '88206099', '', '东坡肉套餐', 1, 10, '签单', '餐已收到', '接待服务中心', '纳米楼', '20140428000007', 1, 0),
(618, '郭晓红', '11318068', '2014-04-28 00:00:00', '紫金港医学院科A310', '88208583', '', '鱼香肉丝套餐', 1, 10, '签单', '送餐途中', '医学院', '医学院', '20140428000008', 1, 0),
(619, '王勇', '0086179', '2014-04-28 00:00:00', '紫金港生命科学学院生科129', '88206488', '', '全素套餐', 1, 10, '电子支付', '送餐途中', '生命科学学院院机关', '生命科学学院', '20140428000009', 0, 0),
(620, '孙惠红', '0087308', '2014-04-28 00:00:00', '紫金港纳米楼纳B-213', '88981347', '', '特色牛柳套餐', 5, 150, '签单', '餐已收到', '发展联络办公室国内发展部', '纳米楼', '20140428000010', 1, 0),
(621, '孙惠红', '0087308', '2014-04-28 00:00:00', '紫金港纳米楼纳B-213', '88981347', '', '肉末飘香炒饭', 5, 40, '签单', '餐已收到', '发展联络办公室国内发展部', '纳米楼', '20140428000011', 1, 0),
(622, '孙惠红', '0087308', '2014-04-28 00:00:00', '紫金港纳米楼纳B-213', '88981347', '', '东坡肉套餐', 9, 90, '签单', '餐已收到', '发展联络办公室国内发展部', '纳米楼', '20140428000012', 1, 0),
(623, '孙惠红', '0087308', '2014-04-28 00:00:00', '紫金港纳米楼纳B-213', '88981347', '', '鱼香肉丝套餐', 8, 80, '签单', '餐已收到', '发展联络办公室国内发展部', '纳米楼', '20140428000013', 1, 0),
(624, '夏平', '0013383', '2014-04-28 00:00:00', '紫金港农生组团农D-445', '13588414013', '', '全素套餐', 1, 10, '签单', '送餐途中', '生物系统工程与食品科学学院团委', '农生组团', '20140428000014', 1, 0),
(625, '夏平', '0013383', '2014-04-28 00:00:00', '紫金港农生组团农D-445', '13588414013', '', '鱼香肉丝套餐', 4, 40, '签单', '送餐途中', '生物系统工程与食品科学学院团委', '农生组团', '20140428000015', 1, 0),
(626, '夏平', '0013383', '2014-04-28 00:00:00', '紫金港农生组团农D-445', '13588414013', '', '土豆鸡块套餐', 7, 70, '签单', '送餐途中', '生物系统工程与食品科学学院团委', '农生组团', '20140428000016', 1, 0),
(627, '严昕', '0087261', '2014-04-29 00:00:00', '紫金港纳米楼纳A-308', '88206099', '', '肉末飘香炒饭', 2, 16, '签单', '送餐途中', '接待服务中心', '纳米楼', '20140429000001', 1, 0),
(628, '严昕', '0087261', '2014-04-29 00:00:00', '紫金港纳米楼纳A-308', '88206099', '', '萝卜丝带鱼套餐', 6, 60, '签单', '送餐途中', '接待服务中心', '纳米楼', '20140429000002', 1, 0),
(629, '郭晓红', '11318068', '2014-04-29 00:00:00', '紫金港医学院科A310', '88208583', '', '萝卜丝带鱼套餐', 5, 50, '签单', '送餐途中', '医学院', '医学院', '20140429000003', 1, 0),
(630, '郭晓红', '11318068', '2014-04-29 00:00:00', '紫金港医学院科A310', '88208583', '', '土豆烧肉套餐', 5, 50, '签单', '送餐途中', '医学院', '医学院', '20140429000004', 1, 0),
(631, '郭晓红', '11318068', '2014-04-29 00:00:00', '紫金港医学院科A310', '88208583', '', '回族套餐', 2, 20, '签单', '送餐途中', '医学院', '医学院', '20140429000005', 1, 0),
(632, '梁晓珍', '1088280018', '2014-04-29 00:00:00', '紫金港纳米楼纳A-116', '88981606', '', '全素套餐', 10, 100, '签单', '送餐途中', '饮食服务中心', '纳米楼', '20140429000006', 1, 0),
(633, '梁晓珍', '1088280018', '2014-04-29 00:00:00', '紫金港纳米楼纳A-116', '88981606', '', '回族套餐', 3, 30, '签单', '送餐途中', '饮食服务中心', '纳米楼', '20140429000007', 1, 0),
(634, '梁晓珍', '1088280018', '2014-04-29 00:00:00', '紫金港纳米楼纳A-116', '88981606', '', '土豆烧肉套餐', 6, 60, '签单', '送餐途中', '饮食服务中心', '纳米楼', '20140429000008', 1, 0),
(635, '梁晓珍', '1088280018', '2014-04-29 00:00:00', '紫金港纳米楼纳A-116', '88981606', '', '萝卜丝带鱼套餐', 8, 80, '签单', '送餐途中', '饮食服务中心', '纳米楼', '20140429000009', 1, 0),
(636, '田红萍', '0096273', '2014-04-29 00:00:00', '紫金港农生组团农D-445', '88982191', '', '土豆烧肉套餐', 2, 20, '签单', '送餐途中', '生物系统工程与食品科学学院党政办公室', '农生组团', '20140429000010', 1, 0),
(637, '严玲', '0010397', '2014-04-29 00:00:00', '紫金港东1-东4教学楼东1A-105', '88981034', '', '萝卜丝带鱼套餐', 5, 50, '电子支付', '送餐途中', '继续教育管理处外联与发展办公室', '东1-东4教学楼', '20140429000011', 0, 0),
(638, '严玲', '0010397', '2014-04-29 00:00:00', '紫金港东1-东4教学楼东1A-105', '88981034', '', '土豆烧肉套餐', 5, 50, '电子支付', '送餐途中', '继续教育管理处外联与发展办公室', '东1-东4教学楼', '20140429000012', 0, 0),
(639, '严玲', '0010397', '2014-04-29 00:00:00', '紫金港纳米楼纳A-313', '88981034', '', '土豆烧肉套餐', 5, 50, '签单', '送餐途中', '继续教育管理处外联与发展办公室', '纳米楼', '20140429000013', 1, 0),
(640, '严玲', '0010397', '2014-04-29 00:00:00', '紫金港纳米楼纳A-313', '88981034', '', '萝卜丝带鱼套餐', 5, 50, '签单', '送餐途中', '继续教育管理处外联与发展办公室', '纳米楼', '20140429000014', 1, 0),
(641, '孙惠红', '0087308', '2014-04-29 00:00:00', '紫金港纳米楼纳B-213', '88981347', '', '特色牛柳套餐', 3, 90, '签单', '送餐途中', '发展联络办公室国内发展部', '纳米楼', '20140429000015', 1, 0),
(642, '孙惠红', '0087308', '2014-04-29 00:00:00', '紫金港纳米楼纳B-213', '88981347', '', '肉末飘香炒饭', 3, 24, '签单', '送餐途中', '发展联络办公室国内发展部', '纳米楼', '20140429000016', 1, 0),
(643, '孙惠红', '0087308', '2014-04-29 00:00:00', '紫金港纳米楼纳B-213', '88981347', '', '土豆烧肉套餐', 11, 110, '签单', '送餐途中', '发展联络办公室国内发展部', '纳米楼', '20140429000017', 1, 0),
(644, '孙惠红', '0087308', '2014-04-29 00:00:00', '紫金港纳米楼纳B-213', '88981347', '', '萝卜丝带鱼套餐', 11, 110, '签单', '送餐途中', '发展联络办公室国内发展部', '纳米楼', '20140429000018', 1, 0),
(645, '吴兴华', '21120275', '2014-04-29 00:00:00', '紫金港新体育馆新体育馆107', '13958178398', '', '萝卜丝带鱼套餐', 25, 250, '电子支付', '送餐途中', '管理学院', '新体育馆', '20140429000019', 0, 0),
(646, '吴兴华', '21120275', '2014-04-29 00:00:00', '紫金港新体育馆新体育馆107', '13958178398', '', '土豆烧肉套餐', 26, 260, '电子支付', '送餐途中', '管理学院', '新体育馆', '20140429000020', 0, 0),
(647, '严昕', '0087261', '2014-04-30 00:00:00', '紫金港纳米楼纳A-308', '88206099', '', '香酥鸭套餐', 6, 60, '签单', '送餐途中', '接待服务中心', '纳米楼', '20140430000001', 1, 0),
(648, '田红萍', '0096273', '2014-04-30 00:00:00', '紫金港农生组团农D-445', '88982191', '', '香酥鸭套餐', 2, 20, '签单', '送餐途中', '生物系统工程与食品科学学院党政办公室', '农生组团', '20140430000002', 1, 0),
(649, '郭晓红', '11318068', '2014-04-30 00:00:00', '紫金港医学院科A310', '88208583', '', '香酥鸭套餐', 3, 30, '签单', '送餐途中', '医学院', '医学院', '20140430000003', 1, 0),
(650, '郭晓红', '11318068', '2014-04-30 00:00:00', '紫金港医学院科A310', '88208583', '', '回锅肉套餐', 8, 80, '签单', '送餐途中', '医学院', '医学院', '20140430000004', 1, 0),
(651, '梁晓珍', '1088280018', '2014-04-30 00:00:00', '紫金港纳米楼纳A-116', '88981606', '', '全素套餐', 11, 110, '签单', '送餐途中', '饮食服务中心', '纳米楼', '20140430000005', 1, 0),
(652, '梁晓珍', '1088280018', '2014-04-30 00:00:00', '紫金港纳米楼纳A-116', '88981606', '', '回族套餐', 1, 10, '签单', '送餐途中', '饮食服务中心', '纳米楼', '20140430000006', 1, 0),
(653, '梁晓珍', '1088280018', '2014-04-30 00:00:00', '紫金港纳米楼纳A-116', '88981606', '', '回锅肉套餐', 3, 30, '签单', '送餐途中', '饮食服务中心', '纳米楼', '20140430000007', 1, 0),
(654, '梁晓珍', '1088280018', '2014-04-30 00:00:00', '紫金港纳米楼纳A-116', '88981606', '', '香酥鸭套餐', 8, 80, '签单', '送餐途中', '饮食服务中心', '纳米楼', '20140430000008', 1, 0),
(655, '严玲', '0010397', '2014-04-30 00:00:00', '紫金港纳米楼纳A-313', '88981034', '', '全素套餐', 2, 20, '签单', '送餐途中', '继续教育管理处外联与发展办公室', '纳米楼', '20140430000009', 1, 0),
(656, '严玲', '0010397', '2014-04-30 00:00:00', '紫金港纳米楼纳A-313', '88981034', '', '香酥鸭套餐', 5, 50, '签单', '送餐途中', '继续教育管理处外联与发展办公室', '纳米楼', '20140430000010', 1, 0),
(657, '严玲', '0010397', '2014-04-30 00:00:00', '紫金港纳米楼纳A-313', '88981034', '', '回锅肉套餐', 4, 40, '签单', '送餐途中', '继续教育管理处外联与发展办公室', '纳米楼', '20140430000011', 1, 0),
(658, '梁力鑫', '3120000598', '2014-04-30 00:00:00', '紫金港化学楼化学101', '18868112379', '', '香酥鸭套餐', 10, 100, '电子支付', '送餐途中', '竺可桢学院', '化学楼', '20140430000012', 0, 0),
(659, '梁力鑫', '3120000598', '2014-04-30 00:00:00', '紫金港化学楼化学101', '18868112379', '', '全素套餐', 10, 100, '电子支付', '送餐途中', '竺可桢学院', '化学楼', '20140430000013', 1, 0),
(660, '孙惠红', '0087308', '2014-04-30 00:00:00', '紫金港纳米楼纳B-213', '88981347', '', '特色牛柳套餐', 3, 90, '签单', '送餐途中', '发展联络办公室国内发展部', '纳米楼', '20140430000014', 1, 0),
(661, '孙惠红', '0087308', '2014-04-30 00:00:00', '紫金港纳米楼纳B-213', '88981347', '', '回锅肉套餐', 11, 110, '签单', '送餐途中', '发展联络办公室国内发展部', '纳米楼', '20140430000015', 1, 0),
(662, '孙惠红', '0087308', '2014-04-30 00:00:00', '紫金港纳米楼纳B-213', '88981347', '', '香酥鸭套餐', 11, 110, '签单', '送餐途中', '发展联络办公室国内发展部', '纳米楼', '20140430000016', 1, 0),
(663, '孙惠红', '0087308', '2014-04-30 00:00:00', '紫金港纳米楼纳B-213', '88981347', '', '肉丝炒面套餐', 8, 64, '签单', '送餐途中', '发展联络办公室国内发展部', '纳米楼', '20140430000017', 1, 0),
(664, '钟艳萍', '0909803', '2014-05-03 00:00:00', '紫金港校医院急诊', '18858153396', '', '梅干菜烧肉套餐', 2, 20, '电子支付', '送餐途中', '校医院', '校医院', '20140503000001', 0, 0),
(665, '钟艳萍', '0909803', '2014-05-03 00:00:00', '紫金港东1-东4教学楼东1A-105', '18858153396', '', '梅干菜烧肉套餐', 2, 20, '电子支付', '送餐途中', '校医院', '东1-东4教学楼', '20140503000002', 0, 0),
(666, '娄绘芳', '0009369', '2014-05-07 00:00:00', '紫金港医学院科B-419', '18668119223', '', '剁椒鳊鱼套餐', 10, 100, '电子支付', '送餐途中', '医学院', '医学院', '20140507000001', 0, 0),
(667, '娄绘芳', '0009369', '2014-05-07 00:00:00', '紫金港医学院科B-419', '18668119223', '', '香干酱肉套餐', 10, 100, '电子支付', '送餐途中', '医学院', '医学院', '20140507000002', 0, 0),
(668, '娄绘芳', '0009369', '2014-05-07 00:00:00', '紫金港医学院科B-419', '18668119223', '', '全素套餐', 3, 30, '电子支付', '送餐途中', '医学院', '医学院', '20140507000003', 0, 0),
(669, '娄绘芳', '0009369', '2014-05-07 00:00:00', '紫金港医学院科B-419', '18668119223', '', '回族套餐', 10, 100, '电子支付', '送餐途中', '医学院', '医学院', '20140507000004', 0, 0),
(670, '朱纪平', '0093352', '2014-05-07 00:00:00', '紫金港行政楼行政楼402', '88206402', '', '香干酱肉套餐', 2, 20, '电子支付', '送餐途中', '管理学院院机关', '行政楼', '20140507000005', 0, 0),
(671, '苏晓梅', '11214027', '2014-05-07 00:00:00', '紫金港农生组团农B-109-1', '18868108110', '', '剁椒鳊鱼套餐', 1, 10, '电子支付', '送餐途中', '环境与资源学院', '农生组团', '20140507000006', 0, 0),
(672, '聂泽宇', '11214028', '2014-05-07 00:00:00', '紫金港农生组团农B-109-1', '18858268586', '', '剁椒鳊鱼套餐', 1, 10, '电子支付', '送餐途中', '环境与资源学院', '农生组团', '20140507000007', 0, 0),
(673, '聂泽宇', '11214028', '2014-05-07 00:00:00', '紫金港农生组团农B-109-1', '18858268586', '', '香干酱肉套餐', 1, 10, '电子支付', '送餐途中', '环境与资源学院', '农生组团', '20140507000008', 0, 0),
(674, '聂泽宇', '11214028', '2014-05-07 00:00:00', '紫金港农生组团农B-109-1', '18858268586', '', '全素套餐', 1, 10, '电子支付', '送餐途中', '环境与资源学院', '农生组团', '20140507000009', 0, 0),
(675, '聂泽宇', '11214028', '2014-05-07 00:00:00', '紫金港农生组团农B-109-1', '18858268586', '', '回族套餐', 1, 10, '电子支付', '送餐途中', '环境与资源学院', '农生组团', '20140507000010', 0, 0),
(676, '苏晓梅', '11214027', '2014-05-07 00:00:00', '紫金港农生组团农B-109-1', '18868108110', '', '剁椒鳊鱼套餐', 1, 10, '电子支付', '送餐途中', '环境与资源学院', '农生组团', '20140507000011', 0, 0),
(677, '聂泽宇', '11214028', '2014-05-07 00:00:00', '紫金港农生组团农B-109-1', '18858268586', '', '剁椒鳊鱼套餐', 1, 10, '电子支付', '送餐途中', '环境与资源学院', '农生组团', '20140507000012', 1, 0),
(678, '聂泽宇', '11214028', '2014-05-07 00:00:00', '紫金港农生组团农B-109-1', '18858268586', '', '香干酱肉套餐', 1, 10, '电子支付', '送餐途中', '环境与资源学院', '农生组团', '20140507000013', 1, 0),
(679, '聂泽宇', '11214028', '2014-05-07 00:00:00', '紫金港农生组团农B-109-1', '18858268586', '', '全素套餐', 1, 10, '电子支付', '送餐途中', '环境与资源学院', '农生组团', '20140507000014', 1, 0),
(680, '聂泽宇', '11214028', '2014-05-07 00:00:00', '紫金港农生组团农B-109-1', '18858268586', '', '回族套餐', 1, 10, '电子支付', '送餐途中', '环境与资源学院', '农生组团', '20140507000015', 1, 0),
(681, '苏晓梅', '11214027', '2014-05-07 00:00:00', '紫金港农生组团农B-109-1', '18868108110', '', '剁椒鳊鱼套餐', 1, 10, '电子支付', '送餐途中', '环境与资源学院', '农生组团', '20140507000016', 0, 0),
(682, '聂泽宇', '11214028', '2014-05-07 00:00:00', '紫金港农生组团农B-109-1', '18858268586', '', '剁椒鳊鱼套餐', 1, 10, '电子支付', '送餐途中', '环境与资源学院', '农生组团', '20140507000017', 1, 0),
(683, '陈瑶', '0009360', '2014-05-08 00:00:00', '紫金港农生组团农E-255', '88982603', '', '南乳子排套餐', 10, 100, '签单', '送餐途中', '动物科学学院组织人事科', '农生组团', '20140508000001', 1, 0),
(684, '聂泽宇', '11214028', '2014-05-08 00:00:00', '紫金港农生组团农B-109-1', '18858268586', '', '南乳子排套餐', 1, 10, '电子支付', '送餐途中', '环境与资源学院', '农生组团', '20140508000002', 1, 0),
(685, '梁晓珍', '1088280018', '2014-05-08 00:00:00', '紫金港纳米楼纳A-116', '88981606', '', '鸡蛋炒河粉套餐', 1, 8, '电子支付', '送餐途中', '饮食服务中心', '纳米楼', '20140508000003', 0, 0),
(686, '梁晓珍', '1088280018', '2014-05-08 00:00:00', '紫金港纳米楼纳A-116', '88981606', '', '全素套餐', 3, 30, '电子支付', '送餐途中', '饮食服务中心', '纳米楼', '20140508000004', 0, 0),
(687, '梁晓珍', '1088280018', '2014-05-08 00:00:00', '紫金港纳米楼纳A-116', '88981606', '', '糖醋里脊套餐', 20, 200, '电子支付', '送餐途中', '饮食服务中心', '纳米楼', '20140508000005', 0, 0),
(688, '梁晓珍', '1088280018', '2014-05-08 00:00:00', '紫金港纳米楼纳A-116', '88981606', '', '南乳子排套餐', 6, 60, '电子支付', '送餐途中', '饮食服务中心', '纳米楼', '20140508000006', 0, 0),
(689, '梁晓珍', '1088280018', '2014-05-08 00:00:00', '紫金港纳米楼纳A-116', '88981606', '', '鸡蛋炒河粉套餐', 1, 8, '签单', '餐已收到', '饮食服务中心', '纳米楼', '20140508000007', 1, 0),
(690, '梁晓珍', '1088280018', '2014-05-08 00:00:00', '紫金港纳米楼纳A-116', '88981606', '', '全素套餐', 3, 30, '签单', '餐已收到', '饮食服务中心', '纳米楼', '20140508000008', 1, 0),
(691, '梁晓珍', '1088280018', '2014-05-08 00:00:00', '紫金港纳米楼纳A-116', '88981606', '', '糖醋里脊套餐', 20, 200, '签单', '餐已收到', '饮食服务中心', '纳米楼', '20140508000009', 1, 0),
(692, '梁晓珍', '1088280018', '2014-05-08 00:00:00', '紫金港纳米楼纳A-116', '88981606', '', '南乳子排套餐', 6, 60, '签单', '餐已收到', '饮食服务中心', '纳米楼', '20140508000010', 1, 0),
(693, '孙惠红', '0087308', '2014-05-08 00:00:00', '紫金港纳米楼纳B-213', '88981347', '', '鸡蛋炒河粉套餐', 2, 16, '签单', '餐已收到', '发展联络办公室国内发展部', '纳米楼', '20140508000011', 1, 0),
(694, '孙惠红', '0087308', '2014-05-08 00:00:00', '紫金港纳米楼纳B-213', '88981347', '', '全素套餐', 1, 10, '签单', '餐已收到', '发展联络办公室国内发展部', '纳米楼', '20140508000012', 1, 0),
(695, '孙惠红', '0087308', '2014-05-08 00:00:00', '紫金港纳米楼纳B-213', '88981347', '', '糖醋里脊套餐', 9, 90, '签单', '餐已收到', '发展联络办公室国内发展部', '纳米楼', '20140508000013', 1, 0),
(696, '孙惠红', '0087308', '2014-05-08 00:00:00', '紫金港纳米楼纳B-213', '88981347', '', '南乳子排套餐', 10, 100, '签单', '餐已收到', '发展联络办公室国内发展部', '纳米楼', '20140508000014', 1, 0),
(697, '谢好', '0008427', '2014-05-08 00:00:00', '紫金港农生组团农A-211', '86971498', '', '剁椒鲈鱼套餐', 9, 135, '签单', '送餐途中', '农业与生物技术学院研究生教育科', '农生组团', '20140508000015', 1, 0),
(698, '马飞', '9140110731', '2014-05-08 00:00:00', '紫金港东1-东4教学楼东1A-105', '15957129841', '', '全素套餐', 1, 10, '电子支付', '送餐途中', '校外专用', '东1-东4教学楼', '20140508000016', 0, 0),
(699, '梁晓珍', '1088280018', '2014-05-09 00:00:00', '紫金港纳米楼纳A-116', '88981606', '', '红葱大排 套餐', 15, 150, '签单', '送餐途中', '饮食服务中心', '纳米楼', '20140509000001', 1, 0),
(700, '梁晓珍', '1088280018', '2014-05-09 00:00:00', '紫金港纳米楼纳A-116', '88981606', '', '土豆烧肉套餐', 5, 50, '签单', '送餐途中', '饮食服务中心', '纳米楼', '20140509000002', 1, 0),
(701, '梁晓珍', '1088280018', '2014-05-09 00:00:00', '紫金港纳米楼纳A-116', '88981606', '', '全素套餐', 3, 30, '签单', '送餐途中', '饮食服务中心', '纳米楼', '20140509000003', 1, 0);
INSERT INTO `orderinfo` (`id`, `username`, `stuid`, `ordertime`, `address`, `phone`, `remark`, `food`, `amount`, `price`, `pay`, `status`, `dep`, `area`, `number`, `pay_status`, `finish`) VALUES
(702, '梁晓珍', '1088280018', '2014-05-09 00:00:00', '紫金港纳米楼纳A-116', '88981606', '', '回族套餐', 1, 10, '签单', '送餐途中', '饮食服务中心', '纳米楼', '20140509000004', 1, 0),
(703, '梁晓珍', '1088280018', '2014-05-09 00:00:00', '紫金港纳米楼纳A-116', '88981606', '', '鸡蛋炒河粉套餐', 1, 8, '签单', '送餐途中', '饮食服务中心', '纳米楼', '20140509000005', 1, 0),
(704, '孙惠红', '0087308', '2014-05-09 00:00:00', '紫金港纳米楼纳B-213', '88981347', '', '鸡蛋炒河粉套餐', 9, 72, '签单', '送餐途中', '发展联络办公室国内发展部', '纳米楼', '20140509000006', 1, 0),
(705, '孙惠红', '0087308', '2014-05-09 00:00:00', '紫金港纳米楼纳B-213', '88981347', '', '全素套餐', 2, 20, '签单', '送餐途中', '发展联络办公室国内发展部', '纳米楼', '20140509000007', 1, 0),
(706, '孙惠红', '0087308', '2014-05-09 00:00:00', '紫金港纳米楼纳B-213', '88981347', '', '土豆烧肉套餐', 10, 100, '签单', '送餐途中', '发展联络办公室国内发展部', '纳米楼', '20140509000008', 1, 0),
(707, '孙惠红', '0087308', '2014-05-09 00:00:00', '紫金港纳米楼纳B-213', '88981347', '', '红葱大排 套餐', 9, 90, '签单', '送餐途中', '发展联络办公室国内发展部', '纳米楼', '20140509000009', 1, 0),
(708, '赵莹', '0010363', '2014-05-10 00:00:00', '紫金港纳米楼纳A218', '13867188534', '', '红葱大排 套餐', 1, 10, '电子支付', '送餐途中', '房地产管理处', '纳米楼', '20140510000001', 0, 0),
(709, '马飞', '9140110731', '2014-05-12 00:00:00', '紫金港东1-东4教学楼东1A-105', '15957129841', '', '全素套餐', 1, 10, '电子支付', '送餐途中', '校外专用', '东1-东4教学楼', '20140512000001', 0, 0),
(710, '梁晓珍', '1088280018', '2014-05-12 00:00:00', '紫金港纳米楼纳A-116', '88981606', '', '全素套餐', 16, 160, '签单', '送餐途中', '饮食服务中心', '纳米楼', '20140512000002', 1, 0),
(711, '梁晓珍', '1088280018', '2014-05-12 00:00:00', '紫金港纳米楼纳A-116', '88981606', '', '香卤鸡腿套餐', 5, 50, '签单', '送餐途中', '饮食服务中心', '纳米楼', '20140512000003', 1, 0),
(712, '梁晓珍', '1088280018', '2014-05-12 00:00:00', '紫金港纳米楼纳A-116', '88981606', '', '鱼香肉丝套餐', 9, 90, '签单', '送餐途中', '饮食服务中心', '纳米楼', '20140512000004', 1, 0),
(713, '苏晓梅', '11214027', '2014-05-12 00:00:00', '紫金港农生组团农B-109-1', '18868108110', '', '香卤鸡腿套餐', 1, 10, '电子支付', '送餐途中', '环境与资源学院', '农生组团', '20140512000005', 1, 0),
(714, '郭晓红', '11318068', '2014-05-12 00:00:00', '紫金港医学院科A310', '88208583', '', '回族套餐', 6, 60, '签单', '送餐途中', '医学院', '医学院', '20140512000006', 1, 0),
(715, '郭晓红', '11318068', '2014-05-12 00:00:00', '紫金港医学院科A310', '88208583', '', '鱼香肉丝套餐', 2, 20, '签单', '送餐途中', '医学院', '医学院', '20140512000007', 1, 0),
(716, '郭晓红', '11318068', '2014-05-12 00:00:00', '紫金港医学院科A310', '88208583', '', '全素套餐', 2, 20, '签单', '送餐途中', '医学院', '医学院', '20140512000008', 1, 0),
(717, '郭晓红', '11318068', '2014-05-12 00:00:00', '紫金港医学院科A310', '88208583', '', '香卤鸡腿套餐', 3, 30, '签单', '送餐途中', '医学院', '医学院', '20140512000009', 1, 0),
(718, '孙惠红', '0087308', '2014-05-12 00:00:00', '紫金港纳米楼纳B-213', '88981347', '', '肉末飘香炒饭', 9, 72, '签单', '送餐途中', '发展联络办公室国内发展部', '纳米楼', '20140512000010', 1, 0),
(719, '孙惠红', '0087308', '2014-05-12 00:00:00', '紫金港纳米楼纳B-213', '88981347', '', '全素套餐', 3, 30, '签单', '送餐途中', '发展联络办公室国内发展部', '纳米楼', '20140512000011', 1, 0),
(720, '孙惠红', '0087308', '2014-05-12 00:00:00', '紫金港纳米楼纳B-213', '88981347', '', '香卤鸡腿套餐', 9, 90, '签单', '送餐途中', '发展联络办公室国内发展部', '纳米楼', '20140512000012', 1, 0),
(721, '孙惠红', '0087308', '2014-05-12 00:00:00', '紫金港纳米楼纳B-213', '88981347', '', '鱼香肉丝套餐', 9, 90, '签单', '送餐途中', '发展联络办公室国内发展部', '纳米楼', '20140512000013', 1, 0),
(722, '聂泽宇', '11214028', '2014-05-12 00:00:00', '紫金港农生组团农B-109-1', '18858268586', '', '回族套餐', 1, 10, '电子支付', '送餐途中', '环境与资源学院', '农生组团', '20140512000014', 1, 0),
(723, '苏晓梅', '11214027', '2014-05-13 00:00:00', '紫金港农生组团农B-109-1', '18868108110', '', '肉末飘香炒饭', 1, 8, '电子支付', '送餐途中', '环境与资源学院', '农生组团', '20140513000001', 0, 0),
(724, '苏晓梅', '11214027', '2014-05-13 00:00:00', '紫金港农生组团农B-109-1', '18868108110', '', '肉末飘香炒饭', 1, 8, '电子支付', '送餐途中', '环境与资源学院', '农生组团', '20140513000002', 1, 0),
(725, '聂泽宇', '11214028', '2014-05-13 00:00:00', '紫金港农生组团农B-109-1', '18858268586', '', '香酥鸭套餐', 1, 10, '电子支付', '送餐途中', '环境与资源学院', '农生组团', '20140513000003', 1, 0),
(726, '郭晓红', '11318068', '2014-05-13 00:00:00', '紫金港医学院科A310', '88208583', '', '全素套餐', 7, 70, '签单', '送餐途中', '医学院', '医学院', '20140513000004', 1, 0),
(727, '郭晓红', '11318068', '2014-05-13 00:00:00', '紫金港医学院科A310', '88208583', '', '香酥鸭套餐', 5, 50, '签单', '送餐途中', '医学院', '医学院', '20140513000005', 1, 0),
(728, '郭晓红', '11318068', '2014-05-13 00:00:00', '紫金港医学院科A310', '88208583', '', '豉椒五花肉套餐', 1, 10, '签单', '送餐途中', '医学院', '医学院', '20140513000006', 1, 0),
(729, '郭晓红', '11318068', '2014-05-13 00:00:00', '紫金港医学院科A310', '88208583', '', '回族套餐', 1, 10, '签单', '送餐途中', '医学院', '医学院', '20140513000007', 1, 0),
(730, '梁晓珍', '1088280018', '2014-05-13 00:00:00', '紫金港纳米楼纳A-116', '88981606', '', '全素套餐', 13, 130, '签单', '送餐途中', '饮食服务中心', '纳米楼', '20140513000008', 1, 0),
(731, '梁晓珍', '1088280018', '2014-05-13 00:00:00', '紫金港纳米楼纳A-116', '88981606', '', '回族套餐', 1, 10, '签单', '送餐途中', '饮食服务中心', '纳米楼', '20140513000009', 1, 0),
(732, '梁晓珍', '1088280018', '2014-05-13 00:00:00', '紫金港纳米楼纳A-116', '88981606', '', '香酥鸭套餐', 10, 100, '签单', '送餐途中', '饮食服务中心', '纳米楼', '20140513000010', 1, 0),
(733, '梁晓珍', '1088280018', '2014-05-13 00:00:00', '紫金港纳米楼纳A-116', '88981606', '', '豉椒五花肉套餐', 3, 30, '签单', '送餐途中', '饮食服务中心', '纳米楼', '20140513000011', 1, 0),
(734, '孙惠红', '0087308', '2014-05-13 00:00:00', '紫金港纳米楼纳B-213', '88981347', '', '肉末飘香炒饭', 6, 48, '签单', '送餐途中', '发展联络办公室国内发展部', '纳米楼', '20140513000012', 1, 0),
(735, '孙惠红', '0087308', '2014-05-13 00:00:00', '紫金港纳米楼纳B-213', '88981347', '', '全素套餐', 3, 30, '签单', '送餐途中', '发展联络办公室国内发展部', '纳米楼', '20140513000013', 1, 0),
(736, '孙惠红', '0087308', '2014-05-13 00:00:00', '紫金港纳米楼纳B-213', '88981347', '', '香酥鸭套餐', 11, 110, '签单', '送餐途中', '发展联络办公室国内发展部', '纳米楼', '20140513000014', 1, 0),
(737, '孙惠红', '0087308', '2014-05-13 00:00:00', '紫金港纳米楼纳B-213', '88981347', '', '豉椒五花肉套餐', 11, 110, '签单', '送餐途中', '发展联络办公室国内发展部', '纳米楼', '20140513000015', 1, 0),
(738, '严昕', '0087261', '2014-05-14 00:00:00', '紫金港纳米楼纳B-101', '88206099', '', '油豆腐烧肉套餐', 4, 40, '签单', '餐已收到', '接待服务中心', '纳米楼', '20140514000001', 1, 0),
(739, '严昕', '0087261', '2014-05-14 00:00:00', '紫金港纳米楼纳B-101', '88206099', '', '香干酱肉套餐', 4, 40, '签单', '餐已收到', '接待服务中心', '纳米楼', '20140514000002', 1, 0),
(740, '梁晓珍', '1088280018', '2014-05-14 00:00:00', '紫金港纳米楼纳A-116', '88981606', '', '香干酱肉套餐', 9, 90, '签单', '餐已收到', '行政办事大厅116', '纳米楼', '20140514000003', 1, 0),
(741, '梁晓珍', '1088280018', '2014-05-14 00:00:00', '紫金港纳米楼纳A-116', '88981606', '', '全素套餐', 8, 80, '签单', '餐已收到', '行政办事大厅116', '纳米楼', '20140514000004', 1, 0),
(742, '梁晓珍', '1088280018', '2014-05-14 00:00:00', '紫金港纳米楼纳A-116', '88981606', '', '回族套餐', 2, 20, '签单', '餐已收到', '行政办事大厅116', '纳米楼', '20140514000005', 1, 0),
(743, '梁晓珍', '1088280018', '2014-05-14 00:00:00', '紫金港纳米楼纳A-116', '88981606', '', '油豆腐烧肉套餐', 5, 50, '签单', '餐已收到', '行政办事大厅116', '纳米楼', '20140514000006', 1, 0),
(744, '郭晓红', '11318068', '2014-05-14 00:00:00', '紫金港医学院科A310', '15824457528', '', '香干酱肉套餐', 1, 10, '签单', '送餐途中', '0', '医学院', '20140514000007', 1, 0),
(745, '郭晓红', '11318068', '2014-05-14 00:00:00', '紫金港医学院科A310', '15824457528', '', '全素套餐', 2, 20, '签单', '送餐途中', '0', '医学院', '20140514000008', 1, 0),
(746, '郭晓红', '11318068', '2014-05-14 00:00:00', '紫金港医学院科A310', '15824457528', '', '回族套餐', 9, 90, '签单', '送餐途中', '0', '医学院', '20140514000009', 1, 0),
(747, '郭晓红', '11318068', '2014-05-14 00:00:00', '紫金港医学院科A310', '15824457528', '', '油豆腐烧肉套餐', 1, 10, '签单', '送餐途中', '0', '医学院', '20140514000010', 1, 0),
(748, '周爱华', '0910036', '2014-05-14 00:00:00', '紫金港纳米楼纳B-213', '88208578', '', '全素套餐', 2, 20, '签单', '送餐途中', '其他', '纳米楼', '20140514000011', 1, 0),
(749, '周爱华', '0910036', '2014-05-14 00:00:00', '紫金港纳米楼纳B-213', '88208578', '', '油豆腐烧肉套餐', 10, 100, '签单', '送餐途中', '其他', '纳米楼', '20140514000012', 1, 0),
(750, '周爱华', '0910036', '2014-05-14 00:00:00', '紫金港纳米楼纳B-213', '88208578', '', '香干酱肉套餐', 11, 110, '签单', '送餐途中', '其他', '纳米楼', '20140514000013', 1, 0),
(751, '汤甜甜', '0013327', '2014-05-15 00:00:00', '紫金港农生组团农E-251', '88982310', '', '尖椒猪柳套餐', 9, 135, '签单', '送餐途中', '动物科学学院党政办公室', '农生组团', '20140515000001', 1, 0),
(752, '汤甜甜', '0013327', '2014-05-15 00:00:00', '紫金港农生组团农E-251', '88982310', '', '糖醋里脊套餐', 1, 10, '签单', '送餐途中', '动物科学学院党政办公室', '农生组团', '20140515000002', 1, 0),
(753, '严昕', '0087261', '2014-05-15 00:00:00', '紫金港纳米楼纳B-101', '88206099', '', '糖醋里脊套餐', 8, 80, '签单', '餐已收到', '接待服务中心纳米B-101', '纳米楼', '20140515000003', 1, 0),
(754, '汤甜甜', '0013327', '2014-05-15 00:00:00', '紫金港农生组团农E-251', '88982310', '', '尖椒猪柳套餐', 1, 15, '电子支付', '送餐途中', '动物科学学院党政办公室', '农生组团', '20140515000004', 0, 0),
(755, '汤甜甜', '0013327', '2014-05-15 00:00:00', '紫金港农生组团农E-251', '88982310', '', '尖椒猪柳套餐', 1, 15, '签单', '送餐途中', '动物科学学院党政办公室', '农生组团', '20140515000005', 1, 0),
(756, '郭晓红', '11318068', '2014-05-15 00:00:00', '紫金港医学院科A310', '88208583', '', '全素套餐', 1, 10, '签单', '送餐途中', '0', '医学院', '20140515000006', 1, 0),
(757, '郭晓红', '11318068', '2014-05-15 00:00:00', '紫金港医学院科A310', '88208583', '', '糖醋里脊套餐', 8, 80, '签单', '送餐途中', '0', '医学院', '20140515000007', 1, 0),
(758, '郭晓红', '11318068', '2014-05-15 00:00:00', '紫金港医学院科A310', '88208583', '', '香菇鸡块套餐', 4, 40, '签单', '送餐途中', '0', '医学院', '20140515000008', 1, 0),
(759, '梁晓珍', '1088280018', '2014-05-15 00:00:00', '紫金港纳米楼纳A-116', '88981606', '', '全素套餐', 8, 80, '签单', '餐已收到', '行政办事大厅116', '纳米楼', '20140515000009', 1, 0),
(760, '梁晓珍', '1088280018', '2014-05-15 00:00:00', '紫金港纳米楼纳A-116', '88981606', '', '回族套餐', 5, 50, '签单', '餐已收到', '行政办事大厅116', '纳米楼', '20140515000010', 1, 0),
(761, '梁晓珍', '1088280018', '2014-05-15 00:00:00', '紫金港纳米楼纳A-116', '88981606', '', '糖醋里脊套餐', 14, 140, '签单', '餐已收到', '行政办事大厅116', '纳米楼', '20140515000011', 1, 0),
(762, '梁晓珍', '1088280018', '2014-05-15 00:00:00', '紫金港纳米楼纳A-116', '88981606', '', '香菇鸡块套餐', 2, 20, '签单', '餐已收到', '行政办事大厅116', '纳米楼', '20140515000012', 1, 0),
(763, '聂泽宇', '11214028', '2014-05-15 00:00:00', '紫金港农生组团农B-109-1', '18858268586', '', '糖醋里脊套餐', 1, 10, '电子支付', '送餐途中', '环境与资源学院', '农生组团', '20140515000013', 1, 0),
(764, '周爱华', '0910036', '2014-05-15 00:00:00', '紫金港纳米楼纳B-213', '88981347', '', '全素套餐', 2, 20, '签单', '餐已收到', '继续教育管理处外联与发展  东4-316', '纳米楼', '20140515000014', 1, 0),
(765, '周爱华', '0910036', '2014-05-15 00:00:00', '紫金港纳米楼纳B-213', '88981347', '', '糖醋里脊套餐', 10, 100, '签单', '餐已收到', '继续教育管理处外联与发展  东4-316', '纳米楼', '20140515000015', 1, 0),
(766, '周爱华', '0910036', '2014-05-15 00:00:00', '紫金港纳米楼纳B-213', '88981347', '', '香菇鸡块套餐', 13, 130, '签单', '餐已收到', '继续教育管理处外联与发展  东4-316', '纳米楼', '20140515000016', 1, 0),
(767, '梅俊超', '0714006', '2014-05-16 00:00:00', '紫金港纳米楼纳A218', '15824451780', '', '土豆大子排套餐', 1, 15, '电子支付', '送餐途中', '校外单位', '纳米楼', '20140516000001', 0, 0),
(768, '严昕', '0087261', '2014-05-16 00:00:00', '紫金港纳米楼纳B-101', '88206099', '', '土豆排骨套餐', 4, 40, '签单', '送餐途中', '接待服务中心纳米B-101', '纳米楼', '20140516000002', 1, 0),
(769, '严昕', '0087261', '2014-05-16 00:00:00', '紫金港纳米楼纳B-101', '88206099', '', '红葱大排 套餐', 5, 50, '签单', '送餐途中', '接待服务中心纳米B-101', '纳米楼', '20140516000003', 1, 0),
(770, '梅俊超', '0714006', '2014-05-16 00:00:00', '紫金港纳米楼纳A218', '15824451780', '', '土豆大子排套餐', 1, 15, '电子支付', '送餐途中', '校外单位', '纳米楼', '20140516000004', 0, 0),
(771, '孙惠红', '0087308', '2014-05-16 00:00:00', '紫金港纳米楼纳B-213', '88981347', '', '肉丝炒面套餐', 5, 40, '签单', '送餐途中', '发展联络办公室纳米B-213', '纳米楼', '20140516000005', 1, 0),
(772, '孙惠红', '0087308', '2014-05-16 00:00:00', '紫金港纳米楼纳B-213', '88981347', '', '全素套餐', 2, 20, '签单', '送餐途中', '发展联络办公室纳米B-213', '纳米楼', '20140516000006', 1, 0),
(773, '孙惠红', '0087308', '2014-05-16 00:00:00', '紫金港纳米楼纳B-213', '88981347', '', '红葱大排 套餐', 12, 120, '签单', '送餐途中', '发展联络办公室纳米B-213', '纳米楼', '20140516000007', 1, 0),
(774, '孙惠红', '0087308', '2014-05-16 00:00:00', '紫金港纳米楼纳B-213', '88981347', '', '土豆排骨套餐', 11, 110, '签单', '送餐途中', '发展联络办公室纳米B-213', '纳米楼', '20140516000008', 1, 0),
(775, '梁晓珍', '1088280018', '2014-05-16 00:00:00', '紫金港纳米楼纳A-116', '88981606', '', '土豆排骨套餐', 7, 70, '签单', '送餐途中', '行政办事大厅116', '纳米楼', '20140516000009', 1, 0),
(776, '梁晓珍', '1088280018', '2014-05-16 00:00:00', '紫金港纳米楼纳A-116', '88981606', '', '红葱大排 套餐', 16, 160, '签单', '送餐途中', '行政办事大厅116', '纳米楼', '20140516000010', 1, 0),
(777, '梁晓珍', '1088280018', '2014-05-16 00:00:00', '紫金港纳米楼纳A-116', '88981606', '', '全素套餐', 3, 30, '签单', '送餐途中', '行政办事大厅116', '纳米楼', '20140516000011', 1, 0),
(778, '聂泽宇', '11214028', '2014-05-16 00:00:00', '紫金港农生组团农B-109-1', '18858268586', '', '土豆排骨套餐', 1, 10, '电子支付', '送餐途中', '环境与资源学院', '农生组团', '20140516000012', 1, 0),
(779, '叶剑', '0006302', '2014-05-16 00:00:00', '紫金港纳米楼纳米楼A-235', '18058132008', '', '红葱大排 套餐', 2, 20, '电子支付', '送餐途中', '浙江加州国际纳米技术研究院', '纳米楼', '20140516000013', 0, 0),
(780, '陈瑶', '0009360', '2014-05-16 00:00:00', '紫金港农生组团农E-257', '13634119133', '', '土豆排骨套餐', 1, 10, '电子支付', '送餐途中', '动物科学学院组织人事科', '农生组团', '20140516000014', 0, 0),
(781, '叶剑', '0006302', '2014-05-16 00:00:00', '紫金港纳米楼纳米楼A-235', '18058132008', '', '红葱大排 套餐', 2, 20, '电子支付', '送餐途中', '浙江加州国际纳米技术研究院', '纳米楼', '20140516000015', 0, 0),
(782, '苏晓梅', '11214027', '2014-05-18 00:00:00', '紫金港农生组团农B-109-1', '18868108110', '', '土豆排骨套餐', 1, 10, '电子支付', '送餐途中', '环境与资源学院', '农生组团', '20140518000001', 1, 0),
(783, '严昕', '0087261', '2014-05-19 00:00:00', '紫金港纳米楼纳B-101', '88206099', '', '香卤鸡腿套餐', 5, 50, '签单', '送餐途中', '接待服务中心纳米B-101', '纳米楼', '20140519000001', 1, 0),
(784, '严昕', '0087261', '2014-05-19 00:00:00', '紫金港纳米楼纳B-101', '88206099', '', '鱼香肉丝套餐', 4, 40, '签单', '送餐途中', '接待服务中心纳米B-101', '纳米楼', '20140519000002', 1, 0),
(785, '梁晓珍', '1088280018', '2014-05-19 00:00:00', '紫金港纳米楼纳A-116', '88981606', '', '肉末飘香炒饭', 1, 8, '签单', '送餐途中', '行政办事大厅116', '纳米楼', '20140519000003', 1, 0),
(786, '梁晓珍', '1088280018', '2014-05-19 00:00:00', '紫金港纳米楼纳A-116', '88981606', '', '全素套餐', 12, 120, '签单', '送餐途中', '行政办事大厅116', '纳米楼', '20140519000004', 1, 0),
(787, '梁晓珍', '1088280018', '2014-05-19 00:00:00', '紫金港纳米楼纳A-116', '88981606', '', '回族套餐', 1, 10, '签单', '送餐途中', '行政办事大厅116', '纳米楼', '20140519000005', 1, 0),
(788, '梁晓珍', '1088280018', '2014-05-19 00:00:00', '紫金港纳米楼纳A-116', '88981606', '', '香卤鸡腿套餐', 9, 90, '签单', '送餐途中', '行政办事大厅116', '纳米楼', '20140519000006', 1, 0),
(789, '梁晓珍', '1088280018', '2014-05-19 00:00:00', '紫金港纳米楼纳A-116', '88981606', '', '鱼香肉丝套餐', 7, 70, '签单', '送餐途中', '行政办事大厅116', '纳米楼', '20140519000007', 1, 0),
(790, '郭晓红', '11318068', '2014-05-19 00:00:00', '紫金港医学院科A310', '88208583', '', '香卤鸡腿套餐', 10, 100, '签单', '送餐途中', '0', '医学院', '20140519000008', 1, 0),
(791, '郭晓红', '11318068', '2014-05-19 00:00:00', '紫金港医学院科A310', '88208583', '', '回族套餐', 3, 30, '签单', '送餐途中', '0', '医学院', '20140519000009', 1, 0),
(792, '苏晓梅', '11214027', '2014-05-19 00:00:00', '紫金港农生组团农B-109-1', '18868108110', '', '香卤鸡腿套餐', 1, 10, '电子支付', '送餐途中', '环境与资源学院', '农生组团', '20140519000010', 1, 0),
(793, '孙惠红', '0087308', '2014-05-19 00:00:00', '紫金港纳米楼纳B-213', '88981347', '', '肉末飘香炒饭', 2, 16, '签单', '送餐途中', '发展联络办公室纳米B-213', '纳米楼', '20140519000011', 1, 0),
(794, '孙惠红', '0087308', '2014-05-19 00:00:00', '紫金港纳米楼纳B-213', '88981347', '', '全素套餐', 3, 30, '签单', '送餐途中', '发展联络办公室纳米B-213', '纳米楼', '20140519000012', 1, 0),
(795, '孙惠红', '0087308', '2014-05-19 00:00:00', '紫金港纳米楼纳B-213', '88981347', '', '香卤鸡腿套餐', 11, 110, '签单', '送餐途中', '发展联络办公室纳米B-213', '纳米楼', '20140519000013', 1, 0),
(796, '孙惠红', '0087308', '2014-05-19 00:00:00', '紫金港纳米楼纳B-213', '88981347', '', '鱼香肉丝套餐', 10, 100, '签单', '送餐途中', '发展联络办公室纳米B-213', '纳米楼', '20140519000014', 1, 0),
(797, '马飞', '9140110731', '2014-05-19 00:00:00', '紫金港东1-东4教学楼东1A-105', '15957129834', '', '全素套餐', 1, 10, '电子支付', '送餐途中', '校外专用', '东1-东4教学楼', '20140519000015', 0, 0),
(798, '孙惠红', '0087308', '2014-05-19 00:00:00', '紫金港纳米楼纳B-213', '88981347', '', '香卤鸡腿套餐', 1, 10, '签单', '送餐途中', '发展联络办公室纳米B-213', '纳米楼', '20140519000016', 1, 0),
(799, '梅俊超', '0714006', '2014-05-20 00:00:00', '紫金港纳米楼纳B-208', '15824451780', '', '香酥鸭套餐', 1, 10, '电子支付', '送餐途中', '校外单位', '纳米楼', '20140520000001', 0, 0),
(800, '苏晓梅', '11214027', '2014-05-20 00:00:00', '紫金港农生组团农B-109-1', '18868108110', '', '肉末飘香炒饭', 1, 8, '电子支付', '送餐途中', '环境与资源学院', '农生组团', '20140520000002', 1, 0),
(801, '郭晓红', '11318068', '2014-05-20 00:00:00', '紫金港医学院科A310', '88208583', '', '香酥鸭套餐', 5, 50, '签单', '送餐途中', '0', '医学院', '20140520000003', 1, 0),
(802, '郭晓红', '11318068', '2014-05-20 00:00:00', '紫金港医学院科A310', '88208583', '', '豉椒五花肉套餐', 5, 50, '签单', '送餐途中', '0', '医学院', '20140520000004', 1, 0),
(803, '郭晓红', '11318068', '2014-05-20 00:00:00', '紫金港医学院科A310', '88208583', '', '全素套餐', 4, 40, '签单', '送餐途中', '0', '医学院', '20140520000005', 1, 0),
(804, '严昕', '0087261', '2014-05-20 00:00:00', '紫金港纳米楼纳B-101', '88206099', '', '香酥鸭套餐', 7, 70, '签单', '送餐途中', '接待服务中心纳米B-101', '纳米楼', '20140520000006', 1, 0),
(805, '梁晓珍', '1088280018', '2014-05-20 00:00:00', '紫金港纳米楼纳A-116', '88981606', '', '全素套餐', 9, 90, '签单', '送餐途中', '行政办事大厅116', '纳米楼', '20140520000007', 1, 0),
(806, '梁晓珍', '1088280018', '2014-05-20 00:00:00', '紫金港纳米楼纳A-116', '88981606', '', '回族套餐', 2, 20, '签单', '送餐途中', '行政办事大厅116', '纳米楼', '20140520000008', 1, 0),
(807, '梁晓珍', '1088280018', '2014-05-20 00:00:00', '紫金港纳米楼纳A-116', '88981606', '', '香酥鸭套餐', 11, 110, '签单', '送餐途中', '行政办事大厅116', '纳米楼', '20140520000009', 1, 0),
(808, '梁晓珍', '1088280018', '2014-05-20 00:00:00', '紫金港纳米楼纳A-116', '88981606', '', '豉椒五花肉套餐', 4, 40, '签单', '送餐途中', '行政办事大厅116', '纳米楼', '20140520000010', 1, 0),
(809, '严欢', '1098200200', '2014-05-20 00:00:00', '紫金港饮食中心饮食中心会议室309', '88206303', '', '香酥鸭套餐', 4, 40, '签单', '送餐途中', '其他', '饮食中心', '20140520000011', 1, 0),
(810, '王建军', '0095302', '2014-05-20 00:00:00', '紫金港农生组团农E-257', '88982643', '', '香酥鸭套餐', 1, 10, '电子支付', '送餐途中', '动物科学学院', '农生组团', '20140520000012', 0, 0),
(811, '王建军', '0095302', '2014-05-20 00:00:00', '紫金港农生组团农E-257', '88982643', '', '香酥鸭套餐', 1, 10, '电子支付', '送餐途中', '动物科学学院', '农生组团', '20140520000013', 0, 0),
(812, '王建军', '0095302', '2014-05-20 00:00:00', '紫金港农生组团农E-257', '88982643', '', '香酥鸭套餐', 1, 10, '电子支付', '送餐途中', '动物科学学院', '农生组团', '20140520000014', 1, 0),
(813, '孙惠红', '0087308', '2014-05-20 00:00:00', '紫金港纳米楼纳B-213', '88981347', '', '香酥鸭套餐', 8, 80, '签单', '送餐途中', '发展联络办公室纳米B-213', '纳米楼', '20140520000015', 1, 0),
(814, '孙惠红', '0087308', '2014-05-20 00:00:00', '紫金港纳米楼纳B-213', '88981347', '', '豉椒五花肉套餐', 9, 90, '签单', '送餐途中', '发展联络办公室纳米B-213', '纳米楼', '20140520000016', 1, 0),
(815, '严昕', '0087261', '2014-05-21 00:00:00', '紫金港纳米楼纳B-101', '88206099', '', '香干酱肉套餐', 6, 60, '签单', '送餐途中', '接待服务中心纳米B-101', '纳米楼', '20140521000001', 1, 0),
(816, '梁晓珍', '1088280018', '2014-05-21 00:00:00', '紫金港纳米楼纳A-116', '88981606', '', '剁椒鳊鱼套餐', 6, 60, '签单', '送餐途中', '行政办事大厅116', '纳米楼', '20140521000002', 1, 0),
(817, '梁晓珍', '1088280018', '2014-05-21 00:00:00', '紫金港纳米楼纳A-116', '88981606', '', '香干酱肉套餐', 12, 120, '签单', '送餐途中', '行政办事大厅116', '纳米楼', '20140521000003', 1, 0),
(818, '梁晓珍', '1088280018', '2014-05-21 00:00:00', '紫金港纳米楼纳A-116', '88981606', '', '全素套餐', 7, 70, '签单', '送餐途中', '行政办事大厅116', '纳米楼', '20140521000004', 1, 0),
(819, '梁晓珍', '1088280018', '2014-05-21 00:00:00', '紫金港纳米楼纳A-116', '88981606', '', '回族套餐', 1, 10, '签单', '送餐途中', '行政办事大厅116', '纳米楼', '20140521000005', 1, 0),
(820, '郭晓红', '11318068', '2014-05-21 00:00:00', '紫金港医学院科A310', '88208583', '', '剁椒鳊鱼套餐', 5, 50, '签单', '送餐途中', '0', '医学院', '20140521000006', 1, 0),
(821, '郭晓红', '11318068', '2014-05-21 00:00:00', '紫金港医学院科A310', '88208583', '', '香干酱肉套餐', 3, 30, '签单', '送餐途中', '0', '医学院', '20140521000007', 1, 0),
(822, '郭晓红', '11318068', '2014-05-21 00:00:00', '紫金港医学院科A310', '88208583', '', '回族套餐', 4, 40, '签单', '送餐途中', '0', '医学院', '20140521000008', 1, 0),
(823, '苏晓梅', '11214027', '2014-05-21 00:00:00', '紫金港农生组团农B-109-1', '18868108110', '', '剁椒鳊鱼套餐', 1, 10, '电子支付', '送餐途中', '环境与资源学院', '农生组团', '20140521000009', 0, 0),
(824, '苏晓梅', '11214027', '2014-05-21 00:00:00', '紫金港农生组团农B-109-1', '18868108110', '', '剁椒鳊鱼套餐', 1, 10, '电子支付', '送餐途中', '环境与资源学院', '农生组团', '20140521000010', 1, 0),
(825, '孙惠红', '0087308', '2014-05-21 00:00:00', '紫金港纳米楼纳B-213', '88981347', '', '肉丝炒面套餐', 5, 40, '签单', '送餐途中', '发展联络办公室纳米B-213', '纳米楼', '20140521000011', 1, 0),
(826, '孙惠红', '0087308', '2014-05-21 00:00:00', '紫金港纳米楼纳B-213', '88981347', '', '全素套餐', 3, 30, '签单', '送餐途中', '发展联络办公室纳米B-213', '纳米楼', '20140521000012', 1, 0),
(827, '孙惠红', '0087308', '2014-05-21 00:00:00', '紫金港纳米楼纳B-213', '88981347', '', '剁椒鳊鱼套餐', 11, 110, '签单', '送餐途中', '发展联络办公室纳米B-213', '纳米楼', '20140521000013', 1, 0),
(828, '孙惠红', '0087308', '2014-05-21 00:00:00', '紫金港纳米楼纳B-213', '88981347', '', '香干酱肉套餐', 10, 100, '签单', '送餐途中', '发展联络办公室纳米B-213', '纳米楼', '20140521000014', 1, 0),
(829, '严昕', '0087261', '2014-05-22 00:00:00', '紫金港纳米楼纳B-101', '88206099', '', '糖醋里脊套餐', 2, 20, '签单', '送餐途中', '接待服务中心纳米B-101', '纳米楼', '20140522000001', 1, 0),
(830, '严昕', '0087261', '2014-05-22 00:00:00', '紫金港纳米楼纳B-101', '88206099', '', '鸡蛋炒河粉套餐', 1, 8, '签单', '送餐途中', '接待服务中心纳米B-101', '纳米楼', '20140522000002', 1, 0),
(831, '严昕', '0087261', '2014-05-22 00:00:00', '紫金港纳米楼纳B-101', '88206099', '', '油豆腐烧肉套餐', 4, 40, '签单', '送餐途中', '接待服务中心纳米B-101', '纳米楼', '20140522000003', 1, 0),
(832, '苏晓梅', '11214027', '2014-05-22 00:00:00', '紫金港农生组团农B-109-1', '18868108110', '', '糖醋里脊套餐', 1, 10, '电子支付', '送餐途中', '环境与资源学院', '农生组团', '20140522000004', 1, 0),
(833, '梅俊超', '0714006', '2014-05-22 00:00:00', '紫金港纳米楼纳B-208', '15824451780', '', '滑蛋里脊套餐', 1, 10, '电子支付', '送餐途中', '校外单位', '纳米楼', '20140522000005', 0, 0),
(834, '郭晓红', '11318068', '2014-05-22 00:00:00', '紫金港医学院科A310', '88208583', '', '滑蛋里脊套餐', 7, 70, '签单', '送餐途中', '0', '医学院', '20140522000006', 1, 0),
(835, '郭晓红', '11318068', '2014-05-22 00:00:00', '紫金港医学院科A310', '88208583', '', '糖醋里脊套餐', 2, 20, '签单', '送餐途中', '0', '医学院', '20140522000007', 1, 0),
(836, '王建军', '0095302', '2014-05-22 00:00:00', '紫金港农生组团农E—259', '88982643', '', '回族套餐', 1, 10, '电子支付', '送餐途中', '动物科学学院', '农生组团', '20140522000008', 0, 0),
(837, '王建军', '0095302', '2014-05-22 00:00:00', '紫金港农生组团农E—259', '88982643', '', '回族套餐', 1, 10, '电子支付', '送餐途中', '动物科学学院', '农生组团', '20140522000009', 0, 0),
(838, '郭晓红', '11318068', '2014-05-22 00:00:00', '紫金港医学院科A310', '88208583', '', '滑蛋里脊套餐', 1, 10, '签单', '送餐途中', '0', '医学院', '20140522000010', 1, 0),
(839, '严昕', '0087261', '2014-05-22 00:00:00', '紫金港纳米楼纳B-101', '88206099', '', '滑蛋里脊套餐', 1, 10, '签单', '送餐途中', '接待服务中心纳米B-101', '纳米楼', '20140522000011', 1, 0),
(840, '梁晓珍', '1088280018', '2014-05-22 00:00:00', '紫金港纳米楼纳A-116', '88981606', '', '滑蛋里脊套餐', 10, 100, '签单', '送餐途中', '行政办事大厅116', '纳米楼', '20140522000012', 1, 0),
(841, '梁晓珍', '1088280018', '2014-05-22 00:00:00', '紫金港纳米楼纳A-116', '88981606', '', '全素套餐', 5, 50, '签单', '送餐途中', '行政办事大厅116', '纳米楼', '20140522000013', 1, 0),
(842, '梁晓珍', '1088280018', '2014-05-22 00:00:00', '紫金港纳米楼纳A-116', '88981606', '', '回族套餐', 3, 30, '签单', '送餐途中', '行政办事大厅116', '纳米楼', '20140522000014', 1, 0),
(843, '梁晓珍', '1088280018', '2014-05-22 00:00:00', '紫金港纳米楼纳A-116', '88981606', '', '糖醋里脊套餐', 9, 90, '签单', '送餐途中', '行政办事大厅116', '纳米楼', '20140522000015', 1, 0),
(844, '王建军', '0095302', '2014-05-22 00:00:00', '紫金港农生组团农E—259', '88982643', '', '回族套餐', 1, 10, '电子支付', '送餐途中', '动物科学学院', '农生组团', '20140522000016', 0, 0),
(845, '王建军', '0095302', '2014-05-22 00:00:00', '紫金港农生组团农E—259', '88982643', '', '回族套餐', 1, 10, '电子支付', '送餐途中', '动物科学学院', '农生组团', '20140522000017', 0, 0),
(846, '聂泽宇', '11214028', '2014-05-22 00:00:00', '紫金港农生组团农B-109-1', '18858268586', '', '回族套餐', 1, 10, '电子支付', '送餐途中', '环境与资源学院', '农生组团', '20140522000018', 1, 0),
(847, '孙惠红', '0087308', '2014-05-22 00:00:00', '紫金港纳米楼纳B-213', '88981347', '', '肉丝炒面套餐', 7, 56, '签单', '送餐途中', '发展联络办公室纳米B-213', '纳米楼', '20140522000019', 1, 0),
(848, '孙惠红', '0087308', '2014-05-22 00:00:00', '紫金港纳米楼纳B-213', '88981347', '', '全素套餐', 2, 20, '签单', '送餐途中', '发展联络办公室纳米B-213', '纳米楼', '20140522000020', 1, 0),
(849, '孙惠红', '0087308', '2014-05-22 00:00:00', '紫金港纳米楼纳B-213', '88981347', '', '滑蛋里脊套餐', 9, 90, '签单', '送餐途中', '发展联络办公室纳米B-213', '纳米楼', '20140522000021', 1, 0),
(850, '孙惠红', '0087308', '2014-05-22 00:00:00', '紫金港纳米楼纳B-213', '88981347', '', '糖醋里脊套餐', 8, 80, '签单', '送餐途中', '发展联络办公室纳米B-213', '纳米楼', '20140522000022', 1, 0),
(851, '汤甜甜', '0013327', '2014-05-23 00:00:00', '紫金港农生组团农E-251', '88982310', '', '红烧大子排套餐', 9, 135, '签单', '送餐途中', '动物科学学院党政办公室', '农生组团', '20140523000001', 1, 0),
(852, '严昕', '0087261', '2014-05-23 00:00:00', '紫金港纳米楼纳B-101', '88206099', '', '红葱大排 套餐', 5, 50, '签单', '送餐途中', '接待服务中心纳米B-101', '纳米楼', '20140523000002', 1, 0),
(853, '严昕', '0087261', '2014-05-23 00:00:00', '紫金港纳米楼纳B-101', '88206099', '', '土豆烧肉套餐', 5, 50, '签单', '送餐途中', '接待服务中心纳米B-101', '纳米楼', '20140523000003', 1, 0),
(854, '王建军', '0095302', '2014-05-23 00:00:00', '紫金港农生组团农E—259', '88982643', '', '全素套餐', 1, 10, '电子支付', '送餐途中', '动物科学学院', '农生组团', '20140523000004', 1, 0),
(855, '梁晓珍', '1088280018', '2014-05-23 00:00:00', '紫金港纳米楼纳A-116', '88981606', '', '土豆烧肉套餐', 5, 50, '签单', '送餐途中', '行政办事大厅116', '纳米楼', '20140523000005', 1, 0),
(856, '梁晓珍', '1088280018', '2014-05-23 00:00:00', '紫金港纳米楼纳A-116', '88981606', '', '全素套餐', 6, 60, '签单', '送餐途中', '行政办事大厅116', '纳米楼', '20140523000006', 1, 0),
(857, '梁晓珍', '1088280018', '2014-05-23 00:00:00', '紫金港纳米楼纳A-116', '88981606', '', '回族套餐', 3, 30, '签单', '送餐途中', '行政办事大厅116', '纳米楼', '20140523000007', 1, 0),
(858, '梁晓珍', '1088280018', '2014-05-23 00:00:00', '紫金港纳米楼纳A-116', '88981606', '', '红葱大排 套餐', 9, 90, '签单', '送餐途中', '行政办事大厅116', '纳米楼', '20140523000008', 1, 0),
(859, '孙惠红', '0087308', '2014-05-23 00:00:00', '紫金港纳米楼纳B-213', '88981347', '', '鸡蛋炒河粉套餐', 7, 56, '签单', '送餐途中', '发展联络办公室纳米B-213', '纳米楼', '20140523000009', 1, 0),
(860, '孙惠红', '0087308', '2014-05-23 00:00:00', '紫金港纳米楼纳B-213', '88981347', '', '土豆烧肉套餐', 5, 50, '签单', '送餐途中', '发展联络办公室纳米B-213', '纳米楼', '20140523000010', 1, 0),
(861, '孙惠红', '0087308', '2014-05-23 00:00:00', '紫金港纳米楼纳B-213', '88981347', '', '红葱大排 套餐', 5, 50, '签单', '送餐途中', '发展联络办公室纳米B-213', '纳米楼', '20140523000011', 1, 0),
(862, '孙惠红', '0087308', '2014-05-23 00:00:00', '紫金港纳米楼纳B-213', '88981347', '', '全素套餐', 4, 40, '签单', '送餐途中', '发展联络办公室纳米B-213', '纳米楼', '20140523000012', 1, 0),
(863, '严昕', '0087261', '2014-05-26 00:00:00', '紫金港纳米楼纳B-101', '88206099', '', '青椒里脊套餐', 4, 40, '签单', '送餐途中', '接待服务中心纳米B-101', '纳米楼', '20140526000001', 1, 0),
(864, '严昕', '0087261', '2014-05-26 00:00:00', '紫金港纳米楼纳B-101', '88206099', '', '香卤鸡腿套餐', 5, 50, '签单', '送餐途中', '接待服务中心纳米B-101', '纳米楼', '20140526000002', 1, 0),
(865, '郭晓红', '11318068', '2014-05-26 00:00:00', '紫金港医学院科A310', '88208583', '', '青椒里脊套餐', 11, 110, '签单', '送餐途中', '0', '医学院', '20140526000003', 1, 0),
(866, '郭晓红', '11318068', '2014-05-26 00:00:00', '紫金港医学院科A310', '88208583', '', '香卤鸡腿套餐', 3, 30, '签单', '送餐途中', '0', '医学院', '20140526000004', 1, 0),
(867, '郭晓红', '11318068', '2014-05-26 00:00:00', '紫金港医学院科A310', '88208583', '', '全素套餐', 1, 10, '签单', '送餐途中', '0', '医学院', '20140526000005', 1, 0),
(868, '苏晓梅', '11214027', '2014-05-26 00:00:00', '紫金港农生组团农B-109-1', '18868108110', '', '香卤鸡腿套餐', 1, 10, '电子支付', '送餐途中', '环境与资源学院', '农生组团', '20140526000006', 1, 0),
(869, '梁晓珍', '1088280018', '2014-05-26 00:00:00', '紫金港纳米楼纳A-116', '88981606', '', '全素套餐', 7, 70, '签单', '送餐途中', '行政办事大厅116', '纳米楼', '20140526000007', 1, 0),
(870, '梁晓珍', '1088280018', '2014-05-26 00:00:00', '紫金港纳米楼纳A-116', '88981606', '', '回族套餐', 3, 30, '签单', '送餐途中', '行政办事大厅116', '纳米楼', '20140526000008', 1, 0),
(871, '梁晓珍', '1088280018', '2014-05-26 00:00:00', '紫金港纳米楼纳A-116', '88981606', '', '香卤鸡腿套餐', 7, 70, '签单', '送餐途中', '行政办事大厅116', '纳米楼', '20140526000009', 1, 0),
(872, '梁晓珍', '1088280018', '2014-05-26 00:00:00', '紫金港纳米楼纳A-116', '88981606', '', '青椒里脊套餐', 15, 150, '签单', '送餐途中', '行政办事大厅116', '纳米楼', '20140526000010', 1, 0),
(873, '周爱华', '0910036', '2014-05-26 00:00:00', '紫金港纳米楼纳B-213', '88208578', '', '全素套餐', 2, 20, '签单', '送餐途中', '继续教育管理处外联与发展  东4-316', '纳米楼', '20140526000011', 1, 0),
(874, '周爱华', '0910036', '2014-05-26 00:00:00', '紫金港纳米楼纳B-213', '88208578', '', '香卤鸡腿套餐', 10, 100, '签单', '送餐途中', '继续教育管理处外联与发展  东4-316', '纳米楼', '20140526000012', 1, 0),
(875, '周爱华', '0910036', '2014-05-26 00:00:00', '紫金港纳米楼纳B-213', '88208578', '', '青椒里脊套餐', 18, 180, '签单', '送餐途中', '继续教育管理处外联与发展  东4-316', '纳米楼', '20140526000013', 1, 0),
(876, '梁晓珍', '1088280018', '2014-05-26 00:00:00', '紫金港纳米楼纳A-116', '88981606', '', '彩椒咸肉套餐', 13, 195, '签单', '送餐途中', '行政办事大厅116', '纳米楼', '20140526000014', 1, 0),
(877, '王建军', '0095302', '2014-05-27 00:00:00', '紫金港农生组团农E—259', '88982643', '', '萝卜丝带鱼套餐', 1, 10, '电子支付', '送餐途中', '动物科学学院', '农生组团', '20140527000001', 1, 0),
(878, '陈瑶', '0009360', '2014-05-27 00:00:00', '紫金港农生组团农E-257', '13634119133', '', '香干酱肉套餐', 7, 70, '签单', '送餐途中', '动物科学学院组织人事科', '农生组团', '20140527000002', 1, 0),
(879, '陈瑶', '0009360', '2014-05-27 00:00:00', '紫金港农生组团农E-257', '13634119133', '', '萝卜丝带鱼套餐', 6, 60, '签单', '送餐途中', '动物科学学院组织人事科', '农生组团', '20140527000003', 1, 0),
(880, '严昕', '0087261', '2014-05-27 00:00:00', '紫金港纳米楼纳B-101', '88206099', '', '香干酱肉套餐', 10, 100, '签单', '送餐途中', '接待服务中心纳米B-101', '纳米楼', '20140527000004', 1, 0),
(881, '郭晓红', '11318068', '2014-05-27 00:00:00', '紫金港医学院科A310', '88208583', '', '冬瓜炖排骨套餐', 11, 110, '签单', '送餐途中', '0', '医学院', '20140527000005', 1, 0),
(882, '郭晓红', '11318068', '2014-05-27 00:00:00', '紫金港医学院科A310', '88208583', '', '香干酱肉套餐', 3, 30, '签单', '送餐途中', '0', '医学院', '20140527000006', 1, 0),
(883, '郭晓红', '11318068', '2014-05-27 00:00:00', '紫金港医学院科A310', '88208583', '', '回族套餐', 1, 10, '签单', '送餐途中', '0', '医学院', '20140527000007', 1, 0),
(884, '苏晓梅', '11214027', '2014-05-27 00:00:00', '紫金港农生组团农B-109-1', '18868108110', '', '回族套餐', 1, 10, '电子支付', '送餐途中', '环境与资源学院', '农生组团', '20140527000008', 1, 0),
(885, '孙惠红', '0087308', '2014-05-27 00:00:00', '紫金港纳米楼纳B-213', '88981347', '', '肉末飘香炒饭', 8, 64, '签单', '送餐途中', '发展联络办公室纳米B-213', '纳米楼', '20140527000009', 1, 0),
(886, '孙惠红', '0087308', '2014-05-27 00:00:00', '紫金港纳米楼纳B-213', '88981347', '', '全素套餐', 4, 40, '签单', '送餐途中', '发展联络办公室纳米B-213', '纳米楼', '20140527000010', 1, 0),
(887, '孙惠红', '0087308', '2014-05-27 00:00:00', '紫金港纳米楼纳B-213', '88981347', '', '冬瓜炖排骨套餐', 10, 100, '签单', '送餐途中', '发展联络办公室纳米B-213', '纳米楼', '20140527000011', 1, 0),
(888, '孙惠红', '0087308', '2014-05-27 00:00:00', '紫金港纳米楼纳B-213', '88981347', '', '香干酱肉套餐', 11, 110, '签单', '送餐途中', '发展联络办公室纳米B-213', '纳米楼', '20140527000012', 1, 0),
(889, '胡珍荣', '0911156', '2014-05-27 00:00:00', '紫金港农生组团农B-109-1', '86971359', '', '冬瓜炖排骨套餐', 1, 10, '电子支付', '送餐途中', '环境与资源学院党政办公室', '农生组团', '20140527000013', 0, 0),
(890, '梁晓珍', '1088280018', '2014-05-27 00:00:00', '紫金港纳米楼纳A-116', '88981606', '', '香干酱肉套餐', 2, 20, '签单', '送餐途中', '行政办事大厅116', '纳米楼', '20140527000014', 1, 0),
(891, '梁晓珍', '1088280018', '2014-05-27 00:00:00', '紫金港纳米楼纳A-116', '88981606', '', '全素套餐', 7, 70, '签单', '送餐途中', '行政办事大厅116', '纳米楼', '20140527000015', 1, 0),
(892, '梁晓珍', '1088280018', '2014-05-27 00:00:00', '紫金港纳米楼纳A-116', '88981606', '', '回族套餐', 1, 10, '签单', '送餐途中', '行政办事大厅116', '纳米楼', '20140527000016', 1, 0),
(893, '梁晓珍', '1088280018', '2014-05-27 00:00:00', '紫金港纳米楼纳A-116', '88981606', '', '冬瓜炖排骨套餐', 17, 170, '签单', '送餐途中', '行政办事大厅116', '纳米楼', '20140527000017', 1, 0),
(894, '胡珍荣', '0911156', '2014-05-27 00:00:00', '紫金港农生组团农B-109-1', '86971359', '', '冬瓜炖排骨套餐', 1, 10, '签单', '送餐途中', '环境与资源学院党政办公室', '农生组团', '20140527000018', 1, 0),
(895, '胡珍荣', '0911156', '2014-05-27 00:00:00', '紫金港农生组团农B-109-1', '86971359', '', '冬瓜炖排骨套餐', 1, 10, '签单', '送餐途中', '环境与资源学院党政办公室', '农生组团', '20140527000019', 1, 0),
(896, '苏晓梅', '11214027', '2014-05-28 00:00:00', '紫金港农生组团农B-109-1', '18868108110', '', '回族套餐', 1, 10, '电子支付', '送餐途中', '环境与资源学院', '农生组团', '20140528000001', 1, 0),
(897, '严昕', '0087261', '2014-05-28 00:00:00', '紫金港纳米楼纳B-101', '88206099', '', '香酥鸭套餐', 8, 80, '签单', '送餐途中', '接待服务中心纳米B-101', '纳米楼', '20140528000002', 1, 0),
(898, '王建军', '0095302', '2014-05-28 00:00:00', '紫金港农生组团农E—259', '88982643', '', '香酥鸭套餐', 1, 10, '电子支付', '送餐途中', '动物科学学院', '农生组团', '20140528000003', 1, 0),
(899, '郭晓红', '11318068', '2014-05-28 00:00:00', '紫金港医学院科A310', '88208583', '', '清蒸雅片鱼头套餐', 3, 60, '签单', '送餐途中', '0', '医学院', '20140528000004', 1, 0),
(900, '郭晓红', '11318068', '2014-05-28 00:00:00', '紫金港医学院科A310', '88208583', '', '香酥鸭套餐', 8, 80, '签单', '送餐途中', '0', '医学院', '20140528000005', 1, 0),
(901, '郭晓红', '11318068', '2014-05-28 00:00:00', '紫金港医学院科A310', '88208583', '', '豉椒五花肉套餐', 3, 30, '签单', '送餐途中', '0', '医学院', '20140528000006', 1, 0),
(902, '梁晓珍', '1088280018', '2014-05-28 00:00:00', '紫金港纳米楼纳A-116', '88981606', '', '全素套餐', 5, 50, '签单', '送餐途中', '行政办事大厅116', '纳米楼', '20140528000007', 1, 0),
(903, '梁晓珍', '1088280018', '2014-05-28 00:00:00', '紫金港纳米楼纳A-116', '88981606', '', '回族套餐', 1, 10, '签单', '送餐途中', '行政办事大厅116', '纳米楼', '20140528000008', 1, 0),
(904, '梁晓珍', '1088280018', '2014-05-28 00:00:00', '紫金港纳米楼纳A-116', '88981606', '', '香酥鸭套餐', 13, 130, '签单', '送餐途中', '行政办事大厅116', '纳米楼', '20140528000009', 1, 0),
(905, '梁晓珍', '1088280018', '2014-05-28 00:00:00', '紫金港纳米楼纳A-116', '88981606', '', '豉椒五花肉套餐', 7, 70, '签单', '送餐途中', '行政办事大厅116', '纳米楼', '20140528000010', 1, 0),
(906, '周爱华', '0910036', '2014-05-28 00:00:00', '紫金港纳米楼纳B-213', '88208578', '', '土豆大子排套餐', 2, 30, '电子支付', '送餐途中', '继续教育管理处外联与发展  东4-316', '纳米楼', '20140528000011', 0, 0),
(907, '周爱华', '0910036', '2014-05-28 00:00:00', '紫金港纳米楼纳B-213', '88208578', '', '土豆大子排套餐', 2, 30, '签单', '送餐途中', '继续教育管理处外联与发展  东4-316', '纳米楼', '20140528000012', 1, 0),
(908, '严昕', '0087261', '2014-05-28 00:00:00', '紫金港纳米楼纳B-101', '88206099', '', '土豆烧肉套餐', 2, 20, '签单', '送餐途中', '接待服务中心纳米B-101', '纳米楼', '20140528000013', 1, 0),
(909, '汤甜甜', '0013327', '2014-05-29 00:00:00', '紫金港农生组团农E-251', '88982310', '', '尖椒猪柳套餐', 8, 120, '签单', '送餐途中', '动物科学学院党政办公室', '农生组团', '20140529000001', 1, 0),
(910, '郭晓红', '11318068', '2014-05-29 00:00:00', '紫金港医学院科A310', '88208583', '', '糖醋里脊套餐', 6, 60, '签单', '送餐途中', '0', '医学院', '20140529000002', 1, 0),
(911, '郭晓红', '11318068', '2014-05-29 00:00:00', '紫金港医学院科A310', '88208583', '', '香菇鸡块套餐', 1, 10, '签单', '送餐途中', '0', '医学院', '20140529000003', 1, 0),
(912, '郭晓红', '11318068', '2014-05-29 00:00:00', '紫金港医学院科A310', '88208583', '', '全素套餐', 3, 30, '签单', '送餐途中', '0', '医学院', '20140529000004', 1, 0),
(913, '严昕', '0087261', '2014-05-29 00:00:00', '紫金港纳米楼纳B-101', '88206099', '', '糖醋里脊套餐', 8, 80, '签单', '送餐途中', '接待服务中心纳米B-101', '纳米楼', '20140529000005', 1, 0),
(914, '严昕', '0087261', '2014-05-29 00:00:00', '紫金港纳米楼纳B-101', '88206099', '', '香菇鸡块套餐', 1, 10, '签单', '送餐途中', '接待服务中心纳米B-101', '纳米楼', '20140529000006', 1, 0),
(915, '周爱华', '0910036', '2014-05-29 00:00:00', '紫金港纳米楼纳B-213', '88981347', '', '鸡蛋炒河粉套餐', 1, 8, '签单', '送餐途中', '继续教育管理处外联与发展  东4-316', '纳米楼', '20140529000007', 1, 0),
(916, '周爱华', '0910036', '2014-05-29 00:00:00', '紫金港纳米楼纳B-213', '88981347', '', '全素套餐', 4, 40, '签单', '送餐途中', '继续教育管理处外联与发展  东4-316', '纳米楼', '20140529000008', 1, 0),
(917, '周爱华', '0910036', '2014-05-29 00:00:00', '紫金港纳米楼纳B-213', '88981347', '', '香菇鸡块套餐', 12, 120, '签单', '送餐途中', '继续教育管理处外联与发展  东4-316', '纳米楼', '20140529000009', 1, 0),
(918, '周爱华', '0910036', '2014-05-29 00:00:00', '紫金港纳米楼纳B-213', '88981347', '', '糖醋里脊套餐', 13, 130, '签单', '送餐途中', '继续教育管理处外联与发展  东4-316', '纳米楼', '20140529000010', 1, 0),
(919, '梁晓珍', '1088280018', '2014-05-29 00:00:00', '紫金港纳米楼纳A-116', '88981606', '', '全素套餐', 10, 100, '签单', '送餐途中', '行政办事大厅116', '纳米楼', '20140529000011', 1, 0),
(920, '梁晓珍', '1088280018', '2014-05-29 00:00:00', '紫金港纳米楼纳A-116', '88981606', '', '糖醋里脊套餐', 13, 130, '签单', '送餐途中', '行政办事大厅116', '纳米楼', '20140529000012', 1, 0),
(921, '梁晓珍', '1088280018', '2014-05-29 00:00:00', '紫金港纳米楼纳A-116', '88981606', '', '香菇鸡块套餐', 5, 50, '签单', '送餐途中', '行政办事大厅116', '纳米楼', '20140529000013', 1, 0),
(922, '胡珍荣', '0911156', '2014-05-29 00:00:00', '紫金港农生组团农B-109-1', '86971359', '', '香菇鸡块套餐', 1, 10, '签单', '送餐途中', '环境与资源学院党政办公室', '农生组团', '20140529000014', 1, 0),
(923, '严昕', '0087261', '2014-05-30 00:00:00', '紫金港纳米楼纳B-101', '88206099', '', '土豆烧肉套餐', 4, 40, '签单', '送餐途中', '接待服务中心纳米B-101', '纳米楼', '20140530000001', 1, 0),
(924, '严昕', '0087261', '2014-05-30 00:00:00', '紫金港纳米楼纳B-101', '88206099', '', '红葱大排 套餐', 4, 40, '签单', '送餐途中', '接待服务中心纳米B-101', '纳米楼', '20140530000002', 1, 0),
(925, '梁晓珍', '1088280018', '2014-05-30 00:00:00', '紫金港纳米楼纳A-116', '88981606', '', '鸡蛋炒河粉套餐', 2, 16, '签单', '送餐途中', '行政办事大厅116', '纳米楼', '20140530000003', 1, 0),
(926, '梁晓珍', '1088280018', '2014-05-30 00:00:00', '紫金港纳米楼纳A-116', '88981606', '', '全素套餐', 5, 50, '签单', '送餐途中', '行政办事大厅116', '纳米楼', '20140530000004', 1, 0),
(927, '梁晓珍', '1088280018', '2014-05-30 00:00:00', '紫金港纳米楼纳A-116', '88981606', '', '土豆烧肉套餐', 10, 100, '签单', '送餐途中', '行政办事大厅116', '纳米楼', '20140530000005', 1, 0),
(928, '梁晓珍', '1088280018', '2014-05-30 00:00:00', '紫金港纳米楼纳A-116', '88981606', '', '红葱大排 套餐', 10, 100, '签单', '送餐途中', '行政办事大厅116', '纳米楼', '20140530000006', 1, 0);
INSERT INTO `orderinfo` (`id`, `username`, `stuid`, `ordertime`, `address`, `phone`, `remark`, `food`, `amount`, `price`, `pay`, `status`, `dep`, `area`, `number`, `pay_status`, `finish`) VALUES
(929, '汤甜甜', '0013327', '2014-05-30 00:00:00', '紫金港农生组团农E-251', '88982310', '', '红葱大排 套餐', 1, 10, '签单', '送餐途中', '动物科学学院党政办公室', '农生组团', '20140530000007', 1, 0),
(930, '严昕', '0087261', '2014-06-03 00:00:00', '紫金港纳米楼纳B-101', '88206099', '', '冬瓜炖排骨套餐', 4, 40, '签单', '送餐途中', '接待服务中心纳米B-101', '纳米楼', '20140603000001', 1, 0),
(931, '严昕', '0087261', '2014-06-03 00:00:00', '紫金港纳米楼纳B-101', '88206099', '', '沙茶鸡套餐', 3, 30, '签单', '送餐途中', '接待服务中心纳米B-101', '纳米楼', '20140603000002', 1, 0),
(932, '郭晓红', '11318068', '2014-06-03 00:00:00', '紫金港医学院科A310', '88208583', '', '冬瓜炖排骨套餐', 1, 10, '签单', '送餐途中', '0', '医学院', '20140603000003', 1, 0),
(933, '郭晓红', '11318068', '2014-06-03 00:00:00', '紫金港医学院科A310', '88208583', '', '沙茶鸡套餐', 10, 100, '签单', '送餐途中', '0', '医学院', '20140603000004', 1, 0),
(934, '王建军', '0095302', '2014-06-03 00:00:00', '紫金港农生组团农E—259', '88982643', '', '沙茶鸡套餐', 1, 10, '电子支付', '送餐途中', '动物科学学院', '农生组团', '20140603000005', 1, 0),
(935, '聂泽宇', '11214028', '2014-06-03 00:00:00', '紫金港农生组团农B-109-1', '18858268586', '', '回族套餐', 1, 10, '电子支付', '送餐途中', '环境与资源学院', '农生组团', '20140603000006', 1, 0),
(936, '孙惠红', '0087308', '2014-06-03 00:00:00', '紫金港纳米楼纳B-213', '88981347', '', '全素套餐', 3, 30, '签单', '送餐途中', '发展联络办公室纳米B-213', '纳米楼', '20140603000007', 1, 0),
(937, '孙惠红', '0087308', '2014-06-03 00:00:00', '紫金港纳米楼纳B-213', '88981347', '', '肉末飘香炒饭', 5, 40, '签单', '送餐途中', '发展联络办公室纳米B-213', '纳米楼', '20140603000008', 1, 0),
(938, '孙惠红', '0087308', '2014-06-03 00:00:00', '紫金港纳米楼纳B-213', '88981347', '', '沙茶鸡套餐', 9, 90, '签单', '送餐途中', '发展联络办公室纳米B-213', '纳米楼', '20140603000009', 1, 0),
(939, '孙惠红', '0087308', '2014-06-03 00:00:00', '紫金港纳米楼纳B-213', '88981347', '', '冬瓜炖排骨套餐', 10, 100, '签单', '送餐途中', '发展联络办公室纳米B-213', '纳米楼', '20140603000010', 1, 0),
(940, '汤甜甜', '0013327', '2014-06-03 00:00:00', '紫金港农生组团农E-251', ' 88982310', '', '彩椒咸肉套餐', 1, 15, '签单', '送餐途中', '动物科学学院党政办公室', '农生组团', '20140603000011', 1, 0),
(941, '梁晓珍', '1088280018', '2014-06-03 00:00:00', '紫金港纳米楼纳A-116', '88981606', '', '全素套餐', 9, 90, '签单', '送餐途中', '行政办事大厅116', '纳米楼', '20140603000012', 1, 0),
(942, '梁晓珍', '1088280018', '2014-06-03 00:00:00', '紫金港纳米楼纳A-116', '88981606', '', '回族套餐', 1, 10, '签单', '送餐途中', '行政办事大厅116', '纳米楼', '20140603000013', 1, 0),
(943, '梁晓珍', '1088280018', '2014-06-03 00:00:00', '紫金港纳米楼纳A-116', '88981606', '', '沙茶鸡套餐', 5, 50, '签单', '送餐途中', '行政办事大厅116', '纳米楼', '20140603000014', 1, 0),
(944, '胡珍荣', '0911156', '2014-06-04 00:00:00', '紫金港农生组团农B-109-1', '86971359', '', '特色黑鱼套餐', 7, 105, '签单', '送餐途中', '环境与资源学院党政办公室', '农生组团', '20140604000001', 1, 0),
(945, '胡珍荣', '0911156', '2014-06-04 00:00:00', '紫金港农生组团农B-109-1', '86971359', '', '土豆排骨套餐', 1, 10, '签单', '送餐途中', '环境与资源学院党政办公室', '农生组团', '20140604000002', 1, 0),
(946, '严昕', '0087261', '2014-06-04 00:00:00', '紫金港纳米楼纳B-101', '88206099', '', '糖醋里脊套餐', 5, 50, '签单', '送餐途中', '接待服务中心纳米B-101', '纳米楼', '20140604000003', 1, 0),
(947, '严昕', '0087261', '2014-06-04 00:00:00', '紫金港纳米楼纳B-101', '88206099', '', '土豆排骨套餐', 3, 30, '签单', '送餐途中', '接待服务中心纳米B-101', '纳米楼', '20140604000004', 1, 0),
(948, '郭晓红', '11318068', '2014-06-04 00:00:00', '紫金港医学院科A310', '88208583', '', '糖醋里脊套餐', 6, 60, '签单', '送餐途中', '0', '医学院', '20140604000005', 1, 0),
(949, '郭晓红', '11318068', '2014-06-04 00:00:00', '紫金港医学院科A310', '88208583', '', '土豆排骨套餐', 5, 50, '签单', '送餐途中', '0', '医学院', '20140604000006', 1, 0),
(950, '梁晓珍', '1088280018', '2014-06-04 00:00:00', '紫金港纳米楼纳A-116', '88981606', '', '土豆排骨套餐', 4, 40, '签单', '送餐途中', '行政办事大厅116', '纳米楼', '20140604000007', 1, 0),
(951, '梁晓珍', '1088280018', '2014-06-04 00:00:00', '紫金港纳米楼纳A-116', '88981606', '', '回族套餐', 3, 30, '签单', '送餐途中', '行政办事大厅116', '纳米楼', '20140604000008', 1, 0),
(952, '梁晓珍', '1088280018', '2014-06-04 00:00:00', '紫金港纳米楼纳A-116', '88981606', '', '全素套餐', 9, 90, '签单', '送餐途中', '行政办事大厅116', '纳米楼', '20140604000009', 1, 0),
(953, '梁晓珍', '1088280018', '2014-06-04 00:00:00', '紫金港纳米楼纳A-116', '88981606', '', '糖醋里脊套餐', 10, 100, '签单', '送餐途中', '行政办事大厅116', '纳米楼', '20140604000010', 1, 0),
(954, '王建军', '0095302', '2014-06-04 00:00:00', '紫金港农生组团农E—259', '88982643', '', '糖醋里脊套餐', 1, 10, '电子支付', '送餐途中', '动物科学学院', '农生组团', '20140604000011', 1, 0),
(955, '周爱华', '0910036', '2014-06-04 00:00:00', '紫金港纳米楼纳B-213', '88208578', '', '鸡蛋炒面套餐', 11, 88, '签单', '送餐途中', '继续教育管理处外联与发展  东4-316', '纳米楼', '20140604000012', 1, 0),
(956, '周爱华', '0910036', '2014-06-04 00:00:00', '紫金港纳米楼纳B-213', '88208578', '', '全素套餐', 4, 40, '签单', '送餐途中', '继续教育管理处外联与发展  东4-316', '纳米楼', '20140604000013', 1, 0),
(957, '周爱华', '0910036', '2014-06-04 00:00:00', '紫金港纳米楼纳B-213', '88208578', '', '糖醋里脊套餐', 13, 130, '签单', '送餐途中', '继续教育管理处外联与发展  东4-316', '纳米楼', '20140604000014', 1, 0),
(958, '孙惠红', '0087308', '2014-06-04 00:00:00', '紫金港纳米楼纳B-213', '88981347', '', '糖醋里脊套餐', 2, 20, '签单', '送餐途中', '发展联络办公室纳米B-213', '纳米楼', '20140604000015', 1, 0),
(959, '孙惠红', '0087308', '2014-06-04 00:00:00', '紫金港纳米楼纳B-213', '88981347', '', '土豆排骨套餐', 3, 30, '签单', '送餐途中', '发展联络办公室纳米B-213', '纳米楼', '20140604000016', 1, 0),
(960, '严昕', '0087261', '2014-06-04 00:00:00', '紫金港纳米楼纳B-101', '88206099', '', '土豆排骨套餐', 2, 20, '签单', '送餐途中', '接待服务中心纳米B-101', '纳米楼', '20140604000017', 1, 0),
(961, '郝丽萍', '0089194', '2014-06-05 00:00:00', '紫金港农生组团农E—259', '88982310', '', '尖椒猪柳套餐', 8, 120, '签单', '送餐途中', '动物科学学院院机关', '农生组团', '20140605000001', 1, 0),
(962, '郭晓红', '11318068', '2014-06-05 00:00:00', '紫金港医学院科A310', '88208583', '', '香酥鸭套餐', 6, 60, '签单', '送餐途中', '0', '医学院', '20140605000002', 1, 0),
(963, '郭晓红', '11318068', '2014-06-05 00:00:00', '紫金港医学院科A310', '88208583', '', '豉椒五花肉套餐', 4, 40, '签单', '送餐途中', '0', '医学院', '20140605000003', 1, 0),
(964, '郭晓红', '11318068', '2014-06-05 00:00:00', '紫金港医学院科A310', '88208583', '', '回族套餐', 1, 10, '签单', '送餐途中', '0', '医学院', '20140605000004', 1, 0),
(965, '严昕', '0087261', '2014-06-05 00:00:00', '紫金港纳米楼纳B-101', '88206099', '', '香酥鸭套餐', 4, 40, '签单', '送餐途中', '接待服务中心纳米B-101', '纳米楼', '20140605000005', 1, 0),
(966, '严昕', '0087261', '2014-06-05 00:00:00', '紫金港纳米楼纳B-101', '88206099', '', '豉椒五花肉套餐', 4, 40, '签单', '送餐途中', '接待服务中心纳米B-101', '纳米楼', '20140605000006', 1, 0),
(967, '苏晓梅', '11214027', '2014-06-05 00:00:00', '紫金港农生组团农B-109-1', '18868108110', '', '回族套餐', 1, 10, '电子支付', '送餐途中', '环境与资源学院', '农生组团', '20140605000007', 1, 0),
(968, '梁晓珍', '1088280018', '2014-06-05 00:00:00', '紫金港纳米楼纳A-116', '88981606', '', '鸡蛋炒河粉套餐', 1, 8, '签单', '送餐途中', '行政办事大厅116', '纳米楼', '20140605000008', 1, 0),
(969, '梁晓珍', '1088280018', '2014-06-05 00:00:00', '紫金港纳米楼纳A-116', '88981606', '', '全素套餐', 9, 90, '签单', '送餐途中', '行政办事大厅116', '纳米楼', '20140605000009', 1, 0),
(970, '梁晓珍', '1088280018', '2014-06-05 00:00:00', '紫金港纳米楼纳A-116', '88981606', '', '回族套餐', 2, 20, '签单', '送餐途中', '行政办事大厅116', '纳米楼', '20140605000010', 1, 0),
(971, '梁晓珍', '1088280018', '2014-06-05 00:00:00', '紫金港纳米楼纳A-116', '88981606', '', '香酥鸭套餐', 12, 120, '签单', '送餐途中', '行政办事大厅116', '纳米楼', '20140605000011', 1, 0),
(972, '梁晓珍', '1088280018', '2014-06-05 00:00:00', '紫金港纳米楼纳A-116', '88981606', '', '豉椒五花肉套餐', 4, 40, '签单', '送餐途中', '行政办事大厅116', '纳米楼', '20140605000012', 1, 0),
(973, '周爱华', '0910036', '2014-06-05 00:00:00', '紫金港纳米楼纳B-213', '88208578', '', '全素套餐', 3, 30, '签单', '送餐途中', '继续教育管理处外联与发展  东4-316', '纳米楼', '20140605000013', 1, 0),
(974, '周爱华', '0910036', '2014-06-05 00:00:00', '紫金港纳米楼纳B-213', '88208578', '', '香酥鸭套餐', 12, 120, '签单', '送餐途中', '继续教育管理处外联与发展  东4-316', '纳米楼', '20140605000014', 1, 0),
(975, '周爱华', '0910036', '2014-06-05 00:00:00', '紫金港纳米楼纳B-213', '88208578', '', '豉椒五花肉套餐', 12, 120, '签单', '送餐途中', '继续教育管理处外联与发展  东4-316', '纳米楼', '20140605000015', 1, 0),
(976, '陈瑶', '0009360', '2014-06-05 00:00:00', '紫金港农生组团农E-257', '13634119133', '', '回族套餐', 1, 10, '签单', '送餐途中', '动物科学学院组织人事科', '农生组团', '20140605000016', 1, 0),
(977, '王建军', '0095302', '2014-06-06 00:00:00', '紫金港农生组团农E—259', '88982643', '', '红葱大排 套餐', 1, 10, '电子支付', '送餐途中', '动物科学学院', '农生组团', '20140606000001', 1, 0),
(978, '严昕', '0087261', '2014-06-06 00:00:00', '紫金港纳米楼纳B-101', '88206099', '', '红葱大排 套餐', 5, 50, '签单', '送餐途中', '接待服务中心纳米B-101', '纳米楼', '20140606000002', 1, 0),
(979, '严昕', '0087261', '2014-06-06 00:00:00', '紫金港纳米楼纳B-101', '88206099', '', '油豆腐烧肉套餐', 4, 40, '签单', '送餐途中', '接待服务中心纳米B-101', '纳米楼', '20140606000003', 1, 0),
(980, '梁晓珍', '1088280018', '2014-06-06 00:00:00', '紫金港纳米楼纳A-116', '88981606', '', '鸡蛋炒河粉套餐', 1, 8, '签单', '送餐途中', '行政办事大厅116', '纳米楼', '20140606000004', 1, 0),
(981, '梁晓珍', '1088280018', '2014-06-06 00:00:00', '紫金港纳米楼纳A-116', '88981606', '', '全素套餐', 7, 70, '签单', '送餐途中', '行政办事大厅116', '纳米楼', '20140606000005', 1, 0),
(982, '梁晓珍', '1088280018', '2014-06-06 00:00:00', '紫金港纳米楼纳A-116', '88981606', '', '回族套餐', 3, 30, '签单', '送餐途中', '行政办事大厅116', '纳米楼', '20140606000006', 1, 0),
(983, '梁晓珍', '1088280018', '2014-06-06 00:00:00', '紫金港纳米楼纳A-116', '88981606', '', '红葱大排 套餐', 10, 100, '签单', '送餐途中', '行政办事大厅116', '纳米楼', '20140606000007', 1, 0),
(984, '梁晓珍', '1088280018', '2014-06-06 00:00:00', '紫金港纳米楼纳A-116', '88981606', '', '油豆腐烧肉套餐', 3, 30, '签单', '送餐途中', '行政办事大厅116', '纳米楼', '20140606000008', 1, 0),
(985, '孙惠红', '0087308', '2014-06-06 00:00:00', '紫金港纳米楼纳B-213', '88981347', '', '鸡蛋炒河粉套餐', 2, 16, '签单', '送餐途中', '发展联络办公室纳米B-213', '纳米楼', '20140606000009', 1, 0),
(986, '孙惠红', '0087308', '2014-06-06 00:00:00', '紫金港纳米楼纳B-213', '88981347', '', '全素套餐', 1, 10, '签单', '送餐途中', '发展联络办公室纳米B-213', '纳米楼', '20140606000010', 1, 0),
(987, '孙惠红', '0087308', '2014-06-06 00:00:00', '紫金港纳米楼纳B-213', '88981347', '', '红葱大排 套餐', 10, 100, '签单', '送餐途中', '发展联络办公室纳米B-213', '纳米楼', '20140606000011', 1, 0),
(988, '孙惠红', '0087308', '2014-06-06 00:00:00', '紫金港纳米楼纳B-213', '88981347', '', '油豆腐烧肉套餐', 10, 100, '签单', '送餐途中', '发展联络办公室纳米B-213', '纳米楼', '20140606000012', 1, 0),
(989, '孙惠红', '0087308', '2014-06-06 00:00:00', '紫金港纳米楼纳B-213', '88981347', '', '土豆烧肉套餐', 20, 200, '签单', '送餐途中', '发展联络办公室纳米B-213', '纳米楼', '20140606000013', 1, 0),
(990, '严昕', '0087261', '2014-06-09 00:00:00', '紫金港纳米楼纳B-101', '88206099', '', '鱼香肉丝套餐', 3, 30, '签单', '送餐途中', '接待服务中心纳米B-101', '纳米楼', '20140609000001', 1, 0),
(991, '严昕', '0087261', '2014-06-09 00:00:00', '紫金港纳米楼纳B-101', '88206099', '', '香卤鸡腿套餐', 4, 40, '签单', '送餐途中', '接待服务中心纳米B-101', '纳米楼', '20140609000002', 1, 0),
(992, '苏晓梅', '11214027', '2014-06-09 00:00:00', '紫金港农生组团农B-109-1', '18868108110', '', '香卤鸡腿套餐', 1, 10, '电子支付', '送餐途中', '环境与资源学院', '农生组团', '20140609000003', 1, 0),
(993, '郭晓红', '11318068', '2014-06-09 00:00:00', '紫金港医学院科A310', '88208583', '', '鱼香肉丝套餐', 4, 40, '签单', '送餐途中', '0', '医学院', '20140609000004', 1, 0),
(994, '郭晓红', '11318068', '2014-06-09 00:00:00', '紫金港医学院科A310', '88208583', '', '香卤鸡腿套餐', 5, 50, '签单', '送餐途中', '0', '医学院', '20140609000005', 1, 0),
(995, '郭晓红', '11318068', '2014-06-09 00:00:00', '紫金港医学院科A310', '88208583', '', '全素套餐', 1, 10, '签单', '送餐途中', '0', '医学院', '20140609000006', 1, 0),
(996, '郭晓红', '11318068', '2014-06-09 00:00:00', '紫金港医学院科A310', '88208583', '', '回族套餐', 1, 10, '签单', '送餐途中', '0', '医学院', '20140609000007', 1, 0),
(997, '谢好', '0008427', '2014-06-09 00:00:00', '紫金港农生组团农A-211', '86971498', '', '红烧蹄膀套餐', 25, 375, '签单', '送餐途中', '农业与生物技术学院研究生教育科', '农生组团', '20140609000008', 1, 0),
(998, '梁晓珍', '1088280018', '2014-06-09 00:00:00', '紫金港纳米楼纳A-116', '88981606', '', '鸡蛋炒河粉套餐', 2, 16, '签单', '送餐途中', '行政办事大厅116', '纳米楼', '20140609000009', 1, 0),
(999, '梁晓珍', '1088280018', '2014-06-09 00:00:00', '紫金港纳米楼纳A-116', '88981606', '', '全素套餐', 9, 90, '签单', '送餐途中', '行政办事大厅116', '纳米楼', '20140609000010', 1, 0),
(1000, '梁晓珍', '1088280018', '2014-06-09 00:00:00', '紫金港纳米楼纳A-116', '88981606', '', '回族套餐', 2, 20, '签单', '送餐途中', '行政办事大厅116', '纳米楼', '20140609000011', 1, 0),
(1001, '梁晓珍', '1088280018', '2014-06-09 00:00:00', '紫金港纳米楼纳A-116', '88981606', '', '鱼香肉丝套餐', 14, 140, '签单', '送餐途中', '行政办事大厅116', '纳米楼', '20140609000012', 1, 0),
(1002, '梁晓珍', '1088280018', '2014-06-09 00:00:00', '紫金港纳米楼纳A-116', '88981606', '', '香卤鸡腿套餐', 11, 110, '签单', '送餐途中', '行政办事大厅116', '纳米楼', '20140609000013', 1, 0),
(1003, '孙惠红', '0087308', '2014-06-09 00:00:00', '紫金港纳米楼纳B-213', '88981347', '', '鸡蛋炒河粉套餐', 5, 40, '签单', '送餐途中', '发展联络办公室纳米B-213', '纳米楼', '20140609000014', 1, 0),
(1004, '孙惠红', '0087308', '2014-06-09 00:00:00', '紫金港纳米楼纳B-213', '88981347', '', '全素套餐', 4, 40, '签单', '送餐途中', '发展联络办公室纳米B-213', '纳米楼', '20140609000015', 1, 0),
(1005, '孙惠红', '0087308', '2014-06-09 00:00:00', '紫金港纳米楼纳B-213', '88981347', '', '红烧蹄膀套餐', 1, 15, '签单', '送餐途中', '发展联络办公室纳米B-213', '纳米楼', '20140609000016', 1, 0),
(1006, '孙惠红', '0087308', '2014-06-09 00:00:00', '紫金港纳米楼纳B-213', '88981347', '', '鱼香肉丝套餐', 9, 90, '签单', '送餐途中', '发展联络办公室纳米B-213', '纳米楼', '20140609000017', 1, 0),
(1007, '孙惠红', '0087308', '2014-06-09 00:00:00', '紫金港纳米楼纳B-213', '88981347', '', '香卤鸡腿套餐', 9, 90, '签单', '送餐途中', '发展联络办公室纳米B-213', '纳米楼', '20140609000018', 1, 0),
(1008, '郭晓红', '11318068', '2014-06-10 00:00:00', '紫金港医学院科A-310', '88208583', '', '剁椒鳊鱼套餐', 5, 50, '签单', '送餐途中', '科A-310', '医学院', '20140610000001', 1, 0),
(1009, '郭晓红', '11318068', '2014-06-10 00:00:00', '紫金港医学院科A-310', '88208583', '', '冬瓜炖排骨套餐', 4, 40, '签单', '送餐途中', '科A-310', '医学院', '20140610000002', 1, 0),
(1010, '孙惠红', '0087308', '2014-06-10 00:00:00', '紫金港纳米楼纳B-213', '88981347', '', '肉末飘香炒饭', 3, 24, '签单', '送餐途中', '发展联络办公室纳米B-213', '纳米楼', '20140610000003', 1, 0),
(1011, '孙惠红', '0087308', '2014-06-10 00:00:00', '紫金港纳米楼纳B-213', '88981347', '', '全素套餐', 4, 40, '签单', '送餐途中', '发展联络办公室纳米B-213', '纳米楼', '20140610000004', 1, 0),
(1012, '孙惠红', '0087308', '2014-06-10 00:00:00', '紫金港纳米楼纳B-213', '88981347', '', '冬瓜炖排骨套餐', 11, 110, '签单', '送餐途中', '发展联络办公室纳米B-213', '纳米楼', '20140610000005', 1, 0),
(1013, '孙惠红', '0087308', '2014-06-10 00:00:00', '紫金港纳米楼纳B-213', '88981347', '', '剁椒鳊鱼套餐', 10, 100, '签单', '送餐途中', '发展联络办公室纳米B-213', '纳米楼', '20140610000006', 1, 0),
(1014, '梁晓珍', '1088280018', '2014-06-10 00:00:00', '紫金港纳米楼纳A-116', '88981606', '', '剁椒鳊鱼套餐', 5, 50, '签单', '送餐途中', '行政办事大厅116', '纳米楼', '20140610000007', 1, 0),
(1015, '梁晓珍', '1088280018', '2014-06-10 00:00:00', '紫金港纳米楼纳A-116', '88981606', '', '全素套餐', 6, 60, '签单', '送餐途中', '行政办事大厅116', '纳米楼', '20140610000008', 1, 0),
(1016, '梁晓珍', '1088280018', '2014-06-10 00:00:00', '紫金港纳米楼纳A-116', '88981606', '', '回族套餐', 3, 30, '签单', '送餐途中', '行政办事大厅116', '纳米楼', '20140610000009', 1, 0),
(1017, '梁晓珍', '1088280018', '2014-06-10 00:00:00', '紫金港纳米楼纳A-116', '88981606', '', '冬瓜炖排骨套餐', 13, 130, '签单', '送餐途中', '行政办事大厅116', '纳米楼', '20140610000010', 1, 0),
(1018, '郭晓红', '11318068', '2014-06-11 00:00:00', '紫金港医学院科A-310', '88208583', '', '糖醋里脊套餐', 6, 60, '签单', '送餐途中', '科A-310', '医学院', '20140611000001', 1, 0),
(1019, '郭晓红', '11318068', '2014-06-11 00:00:00', '紫金港医学院科A-310', '88208583', '', '油豆腐烧肉套餐', 5, 50, '签单', '送餐途中', '科A-310', '医学院', '20140611000002', 1, 0),
(1020, '梁晓珍', '1088280018', '2014-06-11 00:00:00', '紫金港纳米楼纳A-116', '88981606', '', '鸡蛋炒面套餐', 1, 8, '签单', '送餐途中', '行政办事大厅116', '纳米楼', '20140611000003', 1, 0),
(1021, '梁晓珍', '1088280018', '2014-06-11 00:00:00', '紫金港纳米楼纳A-116', '88981606', '', '全素套餐', 6, 60, '签单', '送餐途中', '行政办事大厅116', '纳米楼', '20140611000004', 1, 0),
(1022, '梁晓珍', '1088280018', '2014-06-11 00:00:00', '紫金港纳米楼纳A-116', '88981606', '', '回族套餐', 2, 20, '签单', '送餐途中', '行政办事大厅116', '纳米楼', '20140611000005', 1, 0),
(1023, '梁晓珍', '1088280018', '2014-06-11 00:00:00', '紫金港纳米楼纳A-116', '88981616', '', '鸡蛋炒面套餐', 1, 8, '签单', '送餐途中', '行政办事大厅116', '纳米楼', '20140611000006', 1, 0),
(1024, '梁晓珍', '1088280018', '2014-06-11 00:00:00', '紫金港纳米楼纳A-116', '88981616', '', '全素套餐', 6, 60, '签单', '送餐途中', '行政办事大厅116', '纳米楼', '20140611000007', 1, 0),
(1025, '梁晓珍', '1088280018', '2014-06-11 00:00:00', '紫金港纳米楼纳A-116', '88981616', '', '回族套餐', 2, 20, '签单', '送餐途中', '行政办事大厅116', '纳米楼', '20140611000008', 1, 0),
(1026, '梁晓珍', '1088280018', '2014-06-11 00:00:00', '紫金港纳米楼纳A-116', '88981616', '', '糖醋里脊套餐', 13, 130, '签单', '送餐途中', '行政办事大厅116', '纳米楼', '20140611000009', 1, 0),
(1027, '梁晓珍', '1088280018', '2014-06-11 00:00:00', '紫金港纳米楼纳A-116', '88981616', '', '油豆腐烧肉套餐', 5, 50, '签单', '送餐途中', '行政办事大厅116', '纳米楼', '20140611000010', 1, 0),
(1028, '孙惠红', '0087308', '2014-06-11 00:00:00', '紫金港纳米楼纳B-213', '88981347', '', '鸡蛋炒面套餐', 2, 16, '签单', '送餐途中', '发展联络办公室纳米B-213', '纳米楼', '20140611000011', 1, 0),
(1029, '孙惠红', '0087308', '2014-06-11 00:00:00', '紫金港纳米楼纳B-213', '88981347', '', '全素套餐', 4, 40, '签单', '送餐途中', '发展联络办公室纳米B-213', '纳米楼', '20140611000012', 1, 0),
(1030, '孙惠红', '0087308', '2014-06-11 00:00:00', '紫金港纳米楼纳B-213', '88981347', '', '糖醋里脊套餐', 11, 110, '签单', '送餐途中', '发展联络办公室纳米B-213', '纳米楼', '20140611000013', 1, 0),
(1031, '孙惠红', '0087308', '2014-06-11 00:00:00', '紫金港纳米楼纳B-213', '88981347', '', '油豆腐烧肉套餐', 10, 100, '签单', '送餐途中', '发展联络办公室纳米B-213', '纳米楼', '20140611000014', 1, 0),
(1032, '严昕', '0087261', '2014-06-12 00:00:00', '紫金港纳米楼纳B-101', '88206099', '', '玉米马蹄排骨套餐', 4, 40, '签单', '送餐途中', '接待服务中心纳米B-101', '纳米楼', '20140612000001', 1, 0),
(1033, '严昕', '0087261', '2014-06-12 00:00:00', '紫金港纳米楼纳B-101', '88206099', '', '回锅肉套餐', 4, 40, '签单', '送餐途中', '接待服务中心纳米B-101', '纳米楼', '20140612000002', 1, 0),
(1034, '汤甜甜', '0013327', '2014-06-12 00:00:00', '紫金港农生组团农E-251', '88982310', '', '土豆大仔排套餐', 10, 150, '签单', '送餐途中', '动物科学学院党政办公室', '农生组团', '20140612000003', 1, 0),
(1035, '苏晓梅', '11214027', '2014-06-12 00:00:00', '紫金港农生组团农B-109-1', '18868108110', '', '回族套餐', 1, 10, '电子支付', '送餐途中', '环境与资源学院', '农生组团', '20140612000004', 1, 0),
(1036, '郭晓红', '11318068', '2014-06-12 00:00:00', '紫金港医学院科A-310', '88208583', '', '玉米马蹄排骨套餐', 3, 30, '签单', '送餐途中', '科A-310', '医学院', '20140612000005', 1, 0),
(1037, '郭晓红', '11318068', '2014-06-12 00:00:00', '紫金港医学院科A-310', '88208583', '', '回锅肉套餐', 5, 50, '签单', '送餐途中', '科A-310', '医学院', '20140612000006', 1, 0),
(1038, '郭晓红', '11318068', '2014-06-12 00:00:00', '紫金港医学院科A-310', '88208583', '', '回族套餐', 2, 20, '签单', '送餐途中', '科A-310', '医学院', '20140612000007', 1, 0),
(1039, '梁晓珍', '1088280018', '2014-06-12 00:00:00', '紫金港纳米楼纳A-116', '88981606', '', '鸡蛋炒河粉套餐', 1, 8, '签单', '送餐途中', '行政办事大厅116', '纳米楼', '20140612000008', 1, 0),
(1040, '梁晓珍', '1088280018', '2014-06-12 00:00:00', '紫金港纳米楼纳A-116', '88981606', '', '全素套餐', 5, 50, '签单', '送餐途中', '行政办事大厅116', '纳米楼', '20140612000009', 1, 0),
(1041, '梁晓珍', '1088280018', '2014-06-12 00:00:00', '紫金港纳米楼纳A-116', '88981606', '', '回族套餐', 9, 90, '签单', '送餐途中', '行政办事大厅116', '纳米楼', '20140612000010', 1, 0),
(1042, '梁晓珍', '1088280018', '2014-06-12 00:00:00', '紫金港纳米楼纳A-116', '88981606', '', '回锅肉套餐', 16, 160, '签单', '送餐途中', '行政办事大厅116', '纳米楼', '20140612000011', 1, 0),
(1043, '周爱华', '0910036', '2014-06-12 00:00:00', '紫金港纳米楼纳B-213', '88981347', '', '全素套餐', 3, 30, '签单', '送餐途中', '继续教育管理处外联与发展  东4-316', '纳米楼', '20140612000012', 1, 0),
(1044, '周爱华', '0910036', '2014-06-12 00:00:00', '紫金港纳米楼纳B-213', '88981347', '', '回锅肉套餐', 10, 100, '签单', '送餐途中', '继续教育管理处外联与发展  东4-316', '纳米楼', '20140612000013', 1, 0),
(1045, '周爱华', '0910036', '2014-06-12 00:00:00', '紫金港纳米楼纳B-213', '88981347', '', '玉米马蹄排骨套餐', 13, 130, '签单', '送餐途中', '继续教育管理处外联与发展  东4-316', '纳米楼', '20140612000014', 1, 0),
(1046, '严昕', '0087261', '2014-06-13 00:00:00', '紫金港纳米楼纳B-101', '88206099', '', '滑蛋里脊套餐', 4, 40, '签单', '送餐途中', '接待服务中心纳米B-101', '纳米楼', '20140613000001', 1, 0),
(1047, '严昕', '0087261', '2014-06-13 00:00:00', '紫金港纳米楼纳B-101', '88206099', '', '土豆烧肉套餐', 3, 30, '签单', '送餐途中', '接待服务中心纳米B-101', '纳米楼', '20140613000002', 1, 0),
(1048, '李天均', '21214035', '2014-06-13 00:00:00', '紫金港农生组团农B-109-1', '18858267433', '', '全素套餐', 1, 10, '电子支付', '送餐途中', '环境与资源学院', '农生组团', '20140613000003', 0, 0),
(1049, '李天均', '21214035', '2014-06-13 00:00:00', '紫金港农生组团农B-109-1', '18858267433', '', '滑蛋里脊套餐', 2, 20, '电子支付', '送餐途中', '环境与资源学院', '农生组团', '20140613000004', 0, 0),
(1050, '李天均', '21214035', '2014-06-13 00:00:00', '紫金港农生组团农B-109-1', '18858267433', '', '土豆烧肉套餐', 1, 10, '电子支付', '送餐途中', '环境与资源学院', '农生组团', '20140613000005', 0, 0),
(1051, '李天均', '21214035', '2014-06-13 00:00:00', '紫金港农生组团农B-109-1', '18858267433', '', '全素套餐', 1, 10, '电子支付', '送餐途中', '环境与资源学院', '农生组团', '20140613000006', 0, 0),
(1052, '李天均', '21214035', '2014-06-13 00:00:00', '紫金港农生组团农B-109-1', '18858267433', '', '滑蛋里脊套餐', 2, 20, '电子支付', '送餐途中', '环境与资源学院', '农生组团', '20140613000007', 0, 0),
(1053, '李天均', '21214035', '2014-06-13 00:00:00', '紫金港农生组团农B-109-1', '18858267433', '', '土豆烧肉套餐', 1, 10, '电子支付', '送餐途中', '环境与资源学院', '农生组团', '20140613000008', 0, 0),
(1054, '李天均', '21214035', '2014-06-13 00:00:00', '紫金港农生组团农B-109-1', '18858267433', '', '全素套餐', 1, 10, '电子支付', '送餐途中', '环境与资源学院', '农生组团', '20140613000009', 1, 0),
(1055, '李天均', '21214035', '2014-06-13 00:00:00', '紫金港农生组团农B-109-1', '18858267433', '', '滑蛋里脊套餐', 2, 20, '电子支付', '送餐途中', '环境与资源学院', '农生组团', '20140613000010', 1, 0),
(1056, '李天均', '21214035', '2014-06-13 00:00:00', '紫金港农生组团农B-109-1', '18858267433', '', '土豆烧肉套餐', 1, 10, '电子支付', '送餐途中', '环境与资源学院', '农生组团', '20140613000011', 1, 0),
(1057, '梁晓珍', '1088280018', '2014-06-13 00:00:00', '紫金港纳米楼纳A-116', '88981606', '', '滑蛋里脊套餐', 7, 70, '签单', '送餐途中', '行政办事大厅116', '纳米楼', '20140613000012', 1, 0),
(1058, '梁晓珍', '1088280018', '2014-06-13 00:00:00', '紫金港纳米楼纳A-116', '88981606', '', '土豆烧肉套餐', 11, 110, '签单', '送餐途中', '行政办事大厅116', '纳米楼', '20140613000013', 1, 0),
(1059, '梁晓珍', '1088280018', '2014-06-13 00:00:00', '紫金港纳米楼纳A-116', '88981606', '', '全素套餐', 8, 80, '签单', '送餐途中', '行政办事大厅116', '纳米楼', '20140613000014', 1, 0),
(1060, '梁晓珍', '1088280018', '2014-06-13 00:00:00', '紫金港纳米楼纳A-116', '88981606', '', '回族套餐', 1, 10, '签单', '送餐途中', '行政办事大厅116', '纳米楼', '20140613000015', 1, 0),
(1061, '周爱华', '0910036', '2014-06-13 00:00:00', '紫金港纳米楼纳B-213', '88208578', '', '全素套餐', 2, 20, '签单', '送餐途中', '继续教育管理处外联与发展  东4-316', '纳米楼', '20140613000016', 1, 0),
(1062, '周爱华', '0910036', '2014-06-13 00:00:00', '紫金港纳米楼纳B-213', '88208578', '', '滑蛋里脊套餐', 10, 100, '签单', '送餐途中', '继续教育管理处外联与发展  东4-316', '纳米楼', '20140613000017', 1, 0),
(1063, '周爱华', '0910036', '2014-06-13 00:00:00', '紫金港纳米楼纳B-213', '88208578', '', '土豆烧肉套餐', 13, 130, '签单', '送餐途中', '继续教育管理处外联与发展  东4-316', '纳米楼', '20140613000018', 1, 0),
(1064, '严昕', '0087261', '2014-06-16 00:00:00', '紫金港纳米楼纳B-101', '88206099', '', '菌菇鸡腿套餐', 8, 80, '签单', '送餐途中', '接待服务中心纳米B-101', '纳米楼', '20140616000001', 1, 0),
(1065, '郭晓红', '11318068', '2014-06-16 00:00:00', '紫金港医学院科A-310', '88208583', '', '菌菇鸡腿套餐', 5, 50, '签单', '送餐途中', '科A-310', '医学院', '20140616000002', 1, 0),
(1066, '郭晓红', '11318068', '2014-06-16 00:00:00', '紫金港医学院科A-310', '88208583', '', '薯仔排骨套餐', 4, 40, '签单', '送餐途中', '科A-310', '医学院', '20140616000003', 1, 0),
(1067, '郭晓红', '11318068', '2014-06-16 00:00:00', '紫金港医学院科A-310', '88208583', '', '回族套餐', 1, 10, '签单', '送餐途中', '科A-310', '医学院', '20140616000004', 1, 0),
(1068, '梁晓珍', '1088280018', '2014-06-16 00:00:00', '紫金港纳米楼纳A-116', '88981606', '', '全素套餐', 10, 100, '签单', '送餐途中', '行政办事大厅116', '纳米楼', '20140616000005', 1, 0),
(1069, '梁晓珍', '1088280018', '2014-06-16 00:00:00', '紫金港纳米楼纳A-116', '88981606', '', '回族套餐', 2, 20, '签单', '送餐途中', '行政办事大厅116', '纳米楼', '20140616000006', 1, 0),
(1070, '梁晓珍', '1088280018', '2014-06-16 00:00:00', '紫金港纳米楼纳A-116', '88981606', '', '薯仔排骨套餐', 6, 60, '签单', '送餐途中', '行政办事大厅116', '纳米楼', '20140616000007', 1, 0),
(1071, '梁晓珍', '1088280018', '2014-06-16 00:00:00', '紫金港纳米楼纳A-116', '88981606', '', '菌菇鸡腿套餐', 12, 120, '签单', '送餐途中', '行政办事大厅116', '纳米楼', '20140616000008', 1, 0),
(1072, '孙惠红', '0087308', '2014-06-16 00:00:00', '紫金港纳米楼纳B-213', '88981347', '', '全素套餐', 5, 50, '签单', '送餐途中', '发展联络办公室纳米B-213', '纳米楼', '20140616000009', 1, 0),
(1073, '孙惠红', '0087308', '2014-06-16 00:00:00', '紫金港纳米楼纳B-213', '88981347', '', '薯仔排骨套餐', 12, 120, '签单', '送餐途中', '发展联络办公室纳米B-213', '纳米楼', '20140616000010', 1, 0),
(1074, '孙惠红', '0087308', '2014-06-16 00:00:00', '紫金港纳米楼纳B-213', '88981347', '', '菌菇鸡腿套餐', 13, 130, '签单', '送餐途中', '发展联络办公室纳米B-213', '纳米楼', '20140616000011', 1, 0),
(1075, '严昕', '0087261', '2014-06-17 00:00:00', '紫金港纳米楼纳B-101', '88206099', '', '香酥鸭套餐', 7, 70, '签单', '送餐途中', '接待服务中心纳米B-101', '纳米楼', '20140617000001', 1, 0),
(1076, '郭晓红', '11318068', '2014-06-17 00:00:00', '紫金港医学院科A-310', '88208583', '', '香酥鸭套餐', 10, 100, '签单', '送餐途中', '科A-310', '医学院', '20140617000002', 1, 0),
(1077, '郭晓红', '11318068', '2014-06-17 00:00:00', '紫金港医学院科A-310', '88208583', '', '香干酱肉套餐', 1, 10, '签单', '送餐途中', '科A-310', '医学院', '20140617000003', 1, 0),
(1078, '郭晓红', '11318068', '2014-06-17 00:00:00', '紫金港医学院科A-310', '88208583', '', '回族套餐', 1, 10, '签单', '送餐途中', '科A-310', '医学院', '20140617000004', 1, 0),
(1079, '梁晓珍', '1088280018', '2014-06-17 00:00:00', '紫金港纳米楼纳A-116', '88981606', '', '肉末飘香炒饭', 1, 8, '签单', '送餐途中', '行政办事大厅116', '纳米楼', '20140617000005', 1, 0),
(1080, '梁晓珍', '1088280018', '2014-06-17 00:00:00', '紫金港纳米楼纳A-116', '88981606', '', '香干酱肉套餐', 6, 60, '签单', '送餐途中', '行政办事大厅116', '纳米楼', '20140617000006', 1, 0),
(1081, '梁晓珍', '1088280018', '2014-06-17 00:00:00', '紫金港纳米楼纳A-116', '88981606', '', '全素套餐', 6, 60, '签单', '送餐途中', '行政办事大厅116', '纳米楼', '20140617000007', 1, 0),
(1082, '梁晓珍', '1088280018', '2014-06-17 00:00:00', '紫金港纳米楼纳A-116', '88981606', '', '回族套餐', 3, 30, '签单', '送餐途中', '行政办事大厅116', '纳米楼', '20140617000008', 1, 0),
(1083, '梁晓珍', '1088280018', '2014-06-17 00:00:00', '紫金港纳米楼纳A-116', '88981606', '', '香酥鸭套餐', 13, 130, '签单', '送餐途中', '行政办事大厅116', '纳米楼', '20140617000009', 1, 0),
(1084, '孙惠红', '0087308', '2014-06-17 00:00:00', '紫金港纳米楼纳B-213', '88981347', '', '全素套餐', 5, 50, '签单', '送餐途中', '发展联络办公室纳米B-213', '纳米楼', '20140617000010', 1, 0),
(1085, '孙惠红', '0087308', '2014-06-17 00:00:00', '紫金港纳米楼纳B-213', '88981347', '', '香酥鸭套餐', 11, 110, '签单', '送餐途中', '发展联络办公室纳米B-213', '纳米楼', '20140617000011', 1, 0),
(1086, '孙惠红', '0087308', '2014-06-17 00:00:00', '紫金港纳米楼纳B-213', '88981347', '', '香干酱肉套餐', 10, 100, '签单', '送餐途中', '发展联络办公室纳米B-213', '纳米楼', '20140617000012', 1, 0),
(1087, '张艺瑶', '21316020', '2014-06-17 00:00:00', '紫金港农生组团农B-109-1', '15068164283', '', '香干酱肉套餐', 2, 20, '电子支付', '送餐途中', '农业与生物技术学院', '农生组团', '20140617000013', 1, 0),
(1088, '张艺瑶', '21316020', '2014-06-17 00:00:00', '紫金港农生组团农B-109-1', '15068164283', '', '全素套餐', 1, 10, '电子支付', '送餐途中', '农业与生物技术学院', '农生组团', '20140617000014', 1, 0),
(1089, '张艺瑶', '21316020', '2014-06-17 00:00:00', '紫金港农生组团农B-109-1', '15068164283', '', '香酥鸭套餐', 1, 10, '电子支付', '送餐途中', '农业与生物技术学院', '农生组团', '20140617000015', 1, 0),
(1090, '马永芳', '0095297', '2014-06-18 00:00:00', '紫金港农生组团农A-211', '88982258', '', '尖椒猪柳套餐', 10, 150, '签单', '送餐途中', '农业与生物技术学院组织人事科', '农生组团', '20140618000001', 1, 0),
(1091, '严昕', '0087261', '2014-06-18 00:00:00', '紫金港纳米楼纳B-101', '88206099', '', '香酥鸭套餐', 7, 70, '签单', '送餐途中', '接待服务中心纳米B-101', '纳米楼', '20140618000002', 1, 0),
(1092, '郭晓红', '11318068', '2014-06-18 00:00:00', '紫金港医学院科A-310', '88208583', '', '红葱大排 套餐', 4, 40, '签单', '送餐途中', '科A-310', '医学院', '20140618000003', 1, 0),
(1093, '郭晓红', '11318068', '2014-06-18 00:00:00', '紫金港医学院科A-310', '88208583', '', '萝卜丝带鱼套餐', 7, 70, '签单', '送餐途中', '科A-310', '医学院', '20140618000004', 1, 0),
(1094, '王建军', '0095302', '2014-06-18 00:00:00', '紫金港农生组团农E—259', '88982643', '', '萝卜丝带鱼套餐', 1, 10, '电子支付', '送餐途中', '动物科学学院', '农生组团', '20140618000005', 1, 0),
(1095, '梁晓珍', '1088280018', '2014-06-18 00:00:00', '紫金港纳米楼纳A-116', '88981606', '', '全素套餐', 7, 70, '签单', '送餐途中', '行政办事大厅116', '纳米楼', '20140618000006', 1, 0),
(1096, '梁晓珍', '1088280018', '2014-06-18 00:00:00', '紫金港纳米楼纳A-116', '88981606', '', '回族套餐', 3, 30, '签单', '送餐途中', '行政办事大厅116', '纳米楼', '20140618000007', 1, 0),
(1097, '梁晓珍', '1088280018', '2014-06-18 00:00:00', '紫金港纳米楼纳A-116', '88981606', '', '红葱大排 套餐', 13, 130, '签单', '送餐途中', '行政办事大厅116', '纳米楼', '20140618000008', 1, 0),
(1098, '梁晓珍', '1088280018', '2014-06-18 00:00:00', '紫金港纳米楼纳A-116', '88981606', '', '萝卜丝带鱼套餐', 10, 100, '签单', '送餐途中', '行政办事大厅116', '纳米楼', '20140618000009', 1, 0),
(1099, '孙惠红', '0087308', '2014-06-18 00:00:00', '紫金港纳米楼纳B-213', '88981347', '', '鸡蛋炒河粉套餐', 4, 32, '签单', '送餐途中', '发展联络办公室纳米B-213', '纳米楼', '20140618000010', 1, 0),
(1100, '孙惠红', '0087308', '2014-06-18 00:00:00', '紫金港纳米楼纳B-213', '88981347', '', '全素套餐', 2, 20, '签单', '送餐途中', '发展联络办公室纳米B-213', '纳米楼', '20140618000011', 1, 0),
(1101, '孙惠红', '0087308', '2014-06-18 00:00:00', '紫金港纳米楼纳B-213', '88981347', '', '红葱大排 套餐', 11, 110, '签单', '送餐途中', '发展联络办公室纳米B-213', '纳米楼', '20140618000012', 1, 0),
(1102, '孙惠红', '0087308', '2014-06-18 00:00:00', '紫金港纳米楼纳B-213', '88981347', '', '萝卜丝带鱼套餐', 11, 110, '签单', '送餐途中', '发展联络办公室纳米B-213', '纳米楼', '20140618000013', 1, 0),
(1103, '郭晓红', '11318068', '2014-06-19 00:00:00', '紫金港医学院科A-310', '88208583', '', '冬瓜炖排骨套餐', 5, 50, '签单', '送餐途中', '科A-310', '医学院', '20140619000001', 1, 0),
(1104, '郭晓红', '11318068', '2014-06-19 00:00:00', '紫金港医学院科A-310', '88208583', '', '啤酒鸭套餐', 8, 80, '签单', '送餐途中', '科A-310', '医学院', '20140619000002', 1, 0),
(1105, '张谦', '21214057', '2014-06-19 00:00:00', '紫金港农生组团农B-109-1', '13989493266', '', '全素套餐', 1, 10, '电子支付', '送餐途中', '环境与资源学院', '农生组团', '20140619000003', 0, 0),
(1106, '张谦', '21214057', '2014-06-19 00:00:00', '紫金港农生组团农B-109-1', '13989493266', '', '啤酒鸭套餐', 1, 10, '电子支付', '送餐途中', '环境与资源学院', '农生组团', '20140619000004', 0, 0),
(1107, '张谦', '21214057', '2014-06-19 00:00:00', '紫金港农生组团农B-109-1', '13989493266', '', '冬瓜炖排骨套餐', 1, 10, '电子支付', '送餐途中', '环境与资源学院', '农生组团', '20140619000005', 0, 0),
(1108, '张谦', '21214057', '2014-06-19 00:00:00', '紫金港农生组团农B-109-1', '13989493266', '', '全素套餐', 1, 10, '电子支付', '送餐途中', '环境与资源学院', '农生组团', '20140619000006', 1, 0),
(1109, '张谦', '21214057', '2014-06-19 00:00:00', '紫金港农生组团农B-109-1', '13989493266', '', '啤酒鸭套餐', 1, 10, '电子支付', '送餐途中', '环境与资源学院', '农生组团', '20140619000007', 1, 0),
(1110, '张谦', '21214057', '2014-06-19 00:00:00', '紫金港农生组团农B-109-1', '13989493266', '', '冬瓜炖排骨套餐', 1, 10, '电子支付', '送餐途中', '环境与资源学院', '农生组团', '20140619000008', 1, 0),
(1111, '严昕', '0087261', '2014-06-19 00:00:00', '紫金港纳米楼纳B-101', '88206099', '', '冬瓜炖排骨套餐', 6, 60, '签单', '送餐途中', '接待服务中心纳米B-101', '纳米楼', '20140619000009', 1, 0),
(1112, '梁晓珍', '1088280018', '2014-06-19 00:00:00', '紫金港纳米楼纳A-116', '88981606', '', '全素套餐', 5, 50, '签单', '送餐途中', '行政办事大厅116', '纳米楼', '20140619000010', 1, 0),
(1113, '梁晓珍', '1088280018', '2014-06-19 00:00:00', '紫金港纳米楼纳A-116', '88981606', '', '回族套餐', 1, 10, '签单', '送餐途中', '行政办事大厅116', '纳米楼', '20140619000011', 1, 0),
(1114, '梁晓珍', '1088280018', '2014-06-19 00:00:00', '紫金港纳米楼纳A-116', '88981606', '', '啤酒鸭套餐', 7, 70, '签单', '送餐途中', '行政办事大厅116', '纳米楼', '20140619000012', 1, 0),
(1115, '梁晓珍', '1088280018', '2014-06-19 00:00:00', '紫金港纳米楼纳A-116', '88981606', '', '冬瓜炖排骨套餐', 19, 190, '签单', '送餐途中', '行政办事大厅116', '纳米楼', '20140619000013', 1, 0),
(1116, '孙惠红', '0087308', '2014-06-19 00:00:00', '紫金港纳米楼纳B-213', '88981347', '', '全素套餐', 4, 40, '签单', '送餐途中', '发展联络办公室纳米B-213', '纳米楼', '20140619000014', 1, 0),
(1117, '孙惠红', '0087308', '2014-06-19 00:00:00', '紫金港纳米楼纳B-213', '88981347', '', '啤酒鸭套餐', 12, 120, '签单', '送餐途中', '发展联络办公室纳米B-213', '纳米楼', '20140619000015', 1, 0),
(1118, '孙惠红', '0087308', '2014-06-19 00:00:00', '紫金港纳米楼纳B-213', '88981347', '', '冬瓜炖排骨套餐', 11, 110, '签单', '送餐途中', '发展联络办公室纳米B-213', '纳米楼', '20140619000016', 1, 0),
(1119, '严昕', '0087261', '2014-06-20 00:00:00', '紫金港纳米楼纳B-101', '88206099', '', '鸡蛋炒河粉套餐', 1, 8, '签单', '送餐途中', '接待服务中心纳米B-101', '纳米楼', '20140620000001', 1, 0),
(1120, '严昕', '0087261', '2014-06-20 00:00:00', '紫金港纳米楼纳B-101', '88206099', '', '香卤鸡腿套餐', 5, 50, '签单', '送餐途中', '接待服务中心纳米B-101', '纳米楼', '20140620000002', 1, 0),
(1121, '张谦', '21214057', '2014-06-20 00:00:00', '紫金港农生组团农B-109-1', '13989493266', '', '全素套餐', 2, 20, '电子支付', '送餐途中', '环境与资源学院', '农生组团', '20140620000003', 0, 0),
(1122, '张谦', '21214057', '2014-06-20 00:00:00', '紫金港农生组团农B-109-1', '13989493266', '', '香卤鸡腿套餐', 2, 20, '电子支付', '送餐途中', '环境与资源学院', '农生组团', '20140620000004', 0, 0),
(1123, '张谦', '21214057', '2014-06-20 00:00:00', '紫金港农生组团农B-109-1', '13989493266', '', '全素套餐', 2, 20, '电子支付', '送餐途中', '环境与资源学院', '农生组团', '20140620000005', 1, 0),
(1124, '张谦', '21214057', '2014-06-20 00:00:00', '紫金港农生组团农B-109-1', '13989493266', '', '香卤鸡腿套餐', 2, 20, '电子支付', '送餐途中', '环境与资源学院', '农生组团', '20140620000006', 1, 0),
(1125, '梁晓珍', '1088280018', '2014-06-20 00:00:00', '紫金港纳米楼纳A-116', '88981606', '', '鸡蛋炒河粉套餐', 2, 16, '签单', '送餐途中', '行政办事大厅116', '纳米楼', '20140620000007', 1, 0),
(1126, '梁晓珍', '1088280018', '2014-06-20 00:00:00', '紫金港纳米楼纳A-116', '88981606', '', '全素套餐', 11, 110, '签单', '送餐途中', '行政办事大厅116', '纳米楼', '20140620000008', 1, 0),
(1127, '梁晓珍', '1088280018', '2014-06-20 00:00:00', '紫金港纳米楼纳A-116', '88981606', '', '回族套餐', 1, 10, '签单', '送餐途中', '行政办事大厅116', '纳米楼', '20140620000009', 1, 0),
(1128, '梁晓珍', '1088280018', '2014-06-20 00:00:00', '紫金港纳米楼纳A-116', '88981606', '', '香卤鸡腿套餐', 17, 170, '签单', '送餐途中', '行政办事大厅116', '纳米楼', '20140620000010', 1, 0),
(1129, '梁晓珍', '1088280018', '2014-06-20 00:00:00', '紫金港纳米楼纳A-116', '88981606', '', '家常豆腐套餐', 2, 20, '签单', '送餐途中', '行政办事大厅116', '纳米楼', '20140620000011', 1, 0),
(1130, '孙惠红', '0087308', '2014-06-20 00:00:00', '紫金港纳米楼纳B-213', '88981347', '', '鸡蛋炒河粉套餐', 7, 56, '签单', '送餐途中', '发展联络办公室纳米B-213', '纳米楼', '20140620000012', 1, 0),
(1131, '孙惠红', '0087308', '2014-06-20 00:00:00', '紫金港纳米楼纳B-213', '88981347', '', '全素套餐', 3, 30, '签单', '送餐途中', '发展联络办公室纳米B-213', '纳米楼', '20140620000013', 1, 0),
(1132, '孙惠红', '0087308', '2014-06-20 00:00:00', '紫金港纳米楼纳B-213', '88981347', '', '香卤鸡腿套餐', 9, 90, '签单', '送餐途中', '发展联络办公室纳米B-213', '纳米楼', '20140620000014', 1, 0),
(1133, '孙惠红', '0087308', '2014-06-20 00:00:00', '紫金港纳米楼纳B-213', '88981347', '', '家常豆腐套餐', 8, 80, '签单', '送餐途中', '发展联络办公室纳米B-213', '纳米楼', '20140620000015', 1, 0),
(1134, '严昕', '0087261', '2014-06-23 00:00:00', '紫金港纳米楼纳B-101', '88206099', '', '南乳子排套餐', 5, 50, '签单', '送餐途中', '接待服务中心纳米B-101', '纳米楼', '20140623000001', 1, 0),
(1135, '郭晓红', '11318068', '2014-06-23 00:00:00', '紫金港医学院科A-310', '88208583', '', '南乳子排套餐', 3, 30, '签单', '送餐途中', '科A-310', '医学院', '20140623000002', 1, 0),
(1136, '郭晓红', '11318068', '2014-06-23 00:00:00', '紫金港医学院科A-310', '88208583', '', '鱼香肉丝套餐', 5, 50, '签单', '送餐途中', '科A-310', '医学院', '20140623000003', 1, 0),
(1137, '郭晓红', '11318068', '2014-06-23 00:00:00', '紫金港医学院科A-310', '88208583', '', '回族套餐', 2, 20, '签单', '送餐途中', '科A-310', '医学院', '20140623000004', 1, 0),
(1138, '梁晓珍', '1088280018', '2014-06-23 00:00:00', '紫金港纳米楼纳A-116', '88981606', '', '肉末飘香炒饭', 1, 8, '签单', '送餐途中', '行政办事大厅116', '纳米楼', '20140623000005', 1, 0),
(1139, '梁晓珍', '1088280018', '2014-06-23 00:00:00', '紫金港纳米楼纳A-116', '88981606', '', '全素套餐', 13, 130, '签单', '送餐途中', '行政办事大厅116', '纳米楼', '20140623000006', 1, 0),
(1140, '梁晓珍', '1088280018', '2014-06-23 00:00:00', '紫金港纳米楼纳A-116', '88981606', '', '回族套餐', 3, 30, '签单', '送餐途中', '行政办事大厅116', '纳米楼', '20140623000007', 1, 0),
(1141, '梁晓珍', '1088280018', '2014-06-23 00:00:00', '紫金港纳米楼纳A-116', '88981606', '', '鱼香肉丝套餐', 7, 70, '签单', '送餐途中', '行政办事大厅116', '纳米楼', '20140623000008', 1, 0),
(1142, '梁晓珍', '1088280018', '2014-06-23 00:00:00', '紫金港纳米楼纳A-116', '88981606', '', '南乳子排套餐', 13, 130, '签单', '送餐途中', '行政办事大厅116', '纳米楼', '20140623000009', 1, 0),
(1143, '王建军', '0095302', '2014-06-23 00:00:00', '紫金港农生组团农E—259', '88982643', '', '鱼香肉丝套餐', 1, 10, '电子支付', '送餐途中', '动物科学学院', '农生组团', '20140623000010', 1, 0),
(1144, '孙惠红', '0087308', '2014-06-23 00:00:00', '紫金港纳米楼纳B-213', '88981347', '', '肉末飘香炒饭', 2, 16, '签单', '送餐途中', '发展联络办公室纳米B-213', '纳米楼', '20140623000011', 1, 0),
(1145, '孙惠红', '0087308', '2014-06-23 00:00:00', '紫金港纳米楼纳B-213', '88981347', '', '全素套餐', 4, 40, '签单', '送餐途中', '发展联络办公室纳米B-213', '纳米楼', '20140623000012', 1, 0),
(1146, '孙惠红', '0087308', '2014-06-23 00:00:00', '紫金港纳米楼纳B-213', '88981347', '', '鱼香肉丝套餐', 11, 110, '签单', '送餐途中', '发展联络办公室纳米B-213', '纳米楼', '20140623000013', 1, 0),
(1147, '孙惠红', '0087308', '2014-06-23 00:00:00', '紫金港纳米楼纳B-213', '88981347', '', '南乳子排套餐', 11, 110, '签单', '送餐途中', '发展联络办公室纳米B-213', '纳米楼', '20140623000014', 1, 0),
(1148, '孙惠红', '0087308', '2014-06-23 00:00:00', '紫金港纳米楼纳B-213', '88981347', '', '彩椒咸肉套餐', 13, 195, '签单', '送餐途中', '发展联络办公室纳米B-213', '纳米楼', '20140623000015', 1, 0),
(1149, '严昕', '0087261', '2014-06-24 00:00:00', '紫金港纳米楼纳B-101', '88206099', '', '糖醋鱼套餐', 4, 40, '签单', '送餐途中', '接待服务中心纳米B-101', '纳米楼', '20140624000001', 1, 0),
(1150, '郭晓红', '11318068', '2014-06-24 00:00:00', '紫金港医学院科A-310', '88208583', '', '糖醋鱼套餐', 3, 30, '签单', '送餐途中', '科A-310', '医学院', '20140624000002', 1, 0),
(1151, '郭晓红', '11318068', '2014-06-24 00:00:00', '紫金港医学院科A-310', '88208583', '', '土豆烧肉套餐', 4, 40, '签单', '送餐途中', '科A-310', '医学院', '20140624000003', 1, 0),
(1152, '郭晓红', '11318068', '2014-06-24 00:00:00', '紫金港医学院科A-310', '88208583', '', '全素套餐', 1, 10, '签单', '送餐途中', '科A-310', '医学院', '20140624000004', 1, 0),
(1153, '郭晓红', '11318068', '2014-06-24 00:00:00', '紫金港医学院科A-310', '88208583', '', '回族套餐', 2, 20, '签单', '送餐途中', '科A-310', '医学院', '20140624000005', 1, 0);
INSERT INTO `orderinfo` (`id`, `username`, `stuid`, `ordertime`, `address`, `phone`, `remark`, `food`, `amount`, `price`, `pay`, `status`, `dep`, `area`, `number`, `pay_status`, `finish`) VALUES
(1154, '严昕', '0087261', '2014-06-24 00:00:00', '紫金港纳米楼纳B-101', '88206099', '', '糖醋鱼套餐', 1, 10, '签单', '送餐途中', '接待服务中心纳米B-101', '纳米楼', '20140624000006', 1, 0),
(1155, '梁晓珍', '1088280018', '2014-06-24 00:00:00', '紫金港纳米楼纳A-116', '88981606', '', '肉末飘香炒饭', 1, 8, '签单', '送餐途中', '行政办事大厅116', '纳米楼', '20140624000007', 1, 0),
(1156, '梁晓珍', '1088280018', '2014-06-24 00:00:00', '紫金港纳米楼纳A-116', '88981606', '', '土豆烧肉套餐', 17, 170, '签单', '送餐途中', '行政办事大厅116', '纳米楼', '20140624000008', 1, 0),
(1157, '梁晓珍', '1088280018', '2014-06-24 00:00:00', '紫金港纳米楼纳A-116', '88981606', '', '全素套餐', 10, 100, '签单', '送餐途中', '行政办事大厅116', '纳米楼', '20140624000009', 1, 0),
(1158, '梁晓珍', '1088280018', '2014-06-24 00:00:00', '紫金港纳米楼纳A-116', '88981606', '', '回族套餐', 1, 10, '签单', '送餐途中', '行政办事大厅116', '纳米楼', '20140624000010', 1, 0),
(1159, '梁晓珍', '1088280018', '2014-06-24 00:00:00', '紫金港纳米楼纳A-116', '88981606', '', '糖醋鱼套餐', 6, 60, '签单', '送餐途中', '行政办事大厅116', '纳米楼', '20140624000011', 1, 0),
(1160, '严昕', '0087261', '2014-06-25 00:00:00', '紫金港纳米楼纳B-101', '88206099', '', '鸡蛋炒面套餐', 1, 8, '签单', '送餐途中', '接待服务中心纳米B-101', '纳米楼', '20140625000001', 1, 0),
(1161, '严昕', '0087261', '2014-06-25 00:00:00', '紫金港纳米楼纳B-101', '88206099', '', '红葱大排 套餐', 3, 30, '签单', '送餐途中', '接待服务中心纳米B-101', '纳米楼', '20140625000002', 1, 0),
(1162, '严昕', '0087261', '2014-06-25 00:00:00', '紫金港纳米楼纳B-101', '88206099', '', '香菇鸡套餐', 2, 20, '签单', '送餐途中', '接待服务中心纳米B-101', '纳米楼', '20140625000003', 1, 0),
(1163, '严昕', '0087261', '2014-06-25 00:00:00', '紫金港纳米楼纳B-101', '88206099', '', '杭州酱鸭套餐', 16, 240, '签单', '送餐途中', '接待服务中心纳米B-101', '纳米楼', '20140625000004', 1, 0),
(1164, '郭晓红', '11318068', '2014-06-25 00:00:00', '紫金港医学院科A-310', '88208583', '', '香菇鸡套餐', 10, 100, '签单', '送餐途中', '科A-310', '医学院', '20140625000005', 1, 0),
(1165, '孙惠红', '0087308', '2014-06-25 00:00:00', '紫金港纳米楼纳B-213', '88981347', '', '鸡蛋炒面套餐', 2, 16, '签单', '送餐途中', '发展联络办公室纳米B-213', '纳米楼', '20140625000006', 1, 0),
(1166, '孙惠红', '0087308', '2014-06-25 00:00:00', '紫金港纳米楼纳B-213', '88981347', '', '全素套餐', 1, 10, '签单', '送餐途中', '发展联络办公室纳米B-213', '纳米楼', '20140625000007', 1, 0),
(1167, '孙惠红', '0087308', '2014-06-25 00:00:00', '紫金港纳米楼纳B-213', '88981347', '', '香菇鸡套餐', 8, 80, '签单', '送餐途中', '发展联络办公室纳米B-213', '纳米楼', '20140625000008', 1, 0),
(1168, '孙惠红', '0087308', '2014-06-25 00:00:00', '紫金港纳米楼纳B-213', '88981347', '', '红葱大排 套餐', 7, 70, '签单', '送餐途中', '发展联络办公室纳米B-213', '纳米楼', '20140625000009', 1, 0),
(1169, '梁晓珍', '1088280018', '2014-06-25 00:00:00', '紫金港纳米楼纳A-116', '88981606', '', '全素套餐', 5, 50, '签单', '送餐途中', '行政办事大厅116', '纳米楼', '20140625000010', 1, 0),
(1170, '梁晓珍', '1088280018', '2014-06-25 00:00:00', '紫金港纳米楼纳A-116', '88981606', '', '回族套餐', 2, 20, '签单', '送餐途中', '行政办事大厅116', '纳米楼', '20140625000011', 1, 0),
(1171, '梁晓珍', '1088280018', '2014-06-25 00:00:00', '紫金港纳米楼纳A-116', '88981606', '', '香菇鸡套餐', 8, 80, '签单', '送餐途中', '行政办事大厅116', '纳米楼', '20140625000012', 1, 0),
(1172, '梁晓珍', '1088280018', '2014-06-25 00:00:00', '紫金港纳米楼纳A-116', '88981606', '', '红葱大排 套餐', 19, 190, '签单', '送餐途中', '行政办事大厅116', '纳米楼', '20140625000013', 1, 0),
(1173, '陈瑶', '0009360', '2014-06-26 00:00:00', '紫金港农生组团农E-257', '88982603', '', '杭州酱鸭套餐', 9, 135, '签单', '送餐途中', '动物科学学院组织人事科', '农生组团', '20140626000001', 1, 0),
(1174, '孙惠红', '0087308', '2014-06-26 00:00:00', '紫金港纳米楼纳B-213', '88981347', '', '鸡蛋炒河粉套餐', 4, 32, '签单', '送餐途中', '发展联络办公室纳米B-213', '纳米楼', '20140626000002', 1, 0),
(1175, '孙惠红', '0087308', '2014-06-26 00:00:00', '紫金港纳米楼纳B-213', '88981347', '', '回锅肉套餐', 9, 90, '签单', '送餐途中', '发展联络办公室纳米B-213', '纳米楼', '20140626000003', 1, 0),
(1176, '孙惠红', '0087308', '2014-06-26 00:00:00', '紫金港纳米楼纳B-213', '88981347', '', '玉米马蹄排骨套餐', 9, 90, '签单', '送餐途中', '发展联络办公室纳米B-213', '纳米楼', '20140626000004', 1, 0),
(1177, '王建军', '0095302', '2014-06-26 00:00:00', '紫金港农生组团农E—259', '88982643', '', '玉米马蹄排骨套餐', 1, 10, '电子支付', '送餐途中', '动物科学学院', '农生组团', '20140626000005', 1, 0),
(1178, '严昕', '0087261', '2014-06-26 00:00:00', '紫金港纳米楼纳B-101', '88206099', '', '鸡蛋炒河粉套餐', 1, 8, '签单', '送餐途中', '接待服务中心纳米B-101', '纳米楼', '20140626000006', 1, 0),
(1179, '严昕', '0087261', '2014-06-26 00:00:00', '紫金港纳米楼纳B-101', '88206099', '', '回锅肉套餐', 3, 30, '签单', '送餐途中', '接待服务中心纳米B-101', '纳米楼', '20140626000007', 1, 0),
(1180, '严昕', '0087261', '2014-06-26 00:00:00', '紫金港纳米楼纳B-101', '88206099', '', '玉米马蹄排骨套餐', 2, 20, '签单', '送餐途中', '接待服务中心纳米B-101', '纳米楼', '20140626000008', 1, 0),
(1181, '苏晓梅', '11214027', '2014-06-26 00:00:00', '紫金港农生组团农B-109-1', '18868108110', '', '回族套餐', 1, 10, '电子支付', '送餐途中', '环境与资源学院', '农生组团', '20140626000009', 1, 0),
(1182, '郭晓红', '11318068', '2014-06-26 00:00:00', '紫金港医学院科A-310', '88208583', '', '玉米马蹄排骨套餐', 8, 80, '签单', '送餐途中', '科A-310', '医学院', '20140626000010', 1, 0),
(1183, '郭晓红', '11318068', '2014-06-26 00:00:00', '紫金港医学院科A-310', '88208583', '', '回锅肉套餐', 2, 20, '签单', '送餐途中', '科A-310', '医学院', '20140626000011', 1, 0),
(1184, '陈瑶', '0009360', '2014-06-26 00:00:00', '紫金港农生组团农E-251', '88982603', '', '杭州酱鸭套餐', 2, 30, '签单', '送餐途中', '动物科学学院组织人事科', '农生组团', '20140626000012', 1, 0),
(1185, '周黎', '0008379', '2014-06-26 00:00:00', '紫金港农生组团农B-109-1', '86971359', '', '杭州酱鸭套餐', 2, 30, '签单', '送餐途中', '环境与资源学院党政办公室', '农生组团', '20140626000013', 1, 0),
(1186, '梁晓珍', '1088280018', '2014-06-26 00:00:00', '紫金港纳米楼纳A-116', '88981606', '', '全素套餐', 1, 10, '签单', '送餐途中', '行政办事大厅116', '纳米楼', '20140626000014', 1, 0),
(1187, '梁晓珍', '1088280018', '2014-06-26 00:00:00', '紫金港纳米楼纳A-116', '88981606', '', '回锅肉套餐', 8, 80, '签单', '送餐途中', '行政办事大厅116', '纳米楼', '20140626000015', 1, 0),
(1188, '梁晓珍', '1088280018', '2014-06-26 00:00:00', '紫金港纳米楼纳A-116', '88981606', '', '玉米马蹄排骨套餐', 21, 210, '签单', '送餐途中', '行政办事大厅116', '纳米楼', '20140626000016', 1, 0),
(1189, '胡珍荣', '0911156', '2014-06-27 00:00:00', '紫金港农生组团农B-109-1', '86971359', '', '尖椒猪柳套餐', 1, 15, '签单', '送餐途中', '环境与资源学院党政办公室', '农生组团', '20140627000001', 1, 0),
(1190, '王建军', '0095302', '2014-06-27 00:00:00', '紫金港农生组团农E—259', '88982643', '', '土豆烧肉套餐', 1, 10, '电子支付', '送餐途中', '动物科学学院', '农生组团', '20140627000002', 1, 0),
(1191, '严昕', '0087261', '2014-06-27 00:00:00', '紫金港纳米楼纳B-101', '88206099', '', '鸡蛋炒河粉套餐', 2, 16, '签单', '送餐途中', '接待服务中心纳米B-101', '纳米楼', '20140627000003', 1, 0),
(1192, '严昕', '0087261', '2014-06-27 00:00:00', '紫金港纳米楼纳B-101', '88206099', '', '尖椒猪柳套餐', 4, 60, '签单', '送餐途中', '接待服务中心纳米B-101', '纳米楼', '20140627000004', 1, 0),
(1193, '严昕', '0087261', '2014-06-27 00:00:00', '紫金港纳米楼纳B-101', '88206099', '', '滑蛋里脊套餐', 2, 20, '签单', '送餐途中', '接待服务中心纳米B-101', '纳米楼', '20140627000005', 1, 0),
(1194, '严昕', '0087261', '2014-06-27 00:00:00', '紫金港纳米楼纳B-101', '88206099', '', '土豆烧肉套餐', 2, 20, '签单', '送餐途中', '接待服务中心纳米B-101', '纳米楼', '20140627000006', 1, 0),
(1195, '苏晓梅', '11214027', '2014-06-27 00:00:00', '紫金港农生组团农B-109-1', '18868108110', '', '回族套餐', 1, 10, '电子支付', '送餐途中', '环境与资源学院', '农生组团', '20140627000007', 1, 0),
(1196, '梁晓珍', '1088280018', '2014-06-27 00:00:00', '紫金港纳米楼纳A-116', '88981606', '', '鸡蛋炒河粉套餐', 1, 8, '签单', '送餐途中', '行政办事大厅116', '纳米楼', '20140627000008', 1, 0),
(1197, '梁晓珍', '1088280018', '2014-06-27 00:00:00', '紫金港纳米楼纳A-116', '88981606', '', '滑蛋里脊套餐', 13, 130, '签单', '送餐途中', '行政办事大厅116', '纳米楼', '20140627000009', 1, 0),
(1198, '梁晓珍', '1088280018', '2014-06-27 00:00:00', '紫金港纳米楼纳A-116', '88981606', '', '土豆烧肉套餐', 7, 70, '签单', '送餐途中', '行政办事大厅116', '纳米楼', '20140627000010', 1, 0),
(1199, '梁晓珍', '1088280018', '2014-06-27 00:00:00', '紫金港纳米楼纳A-116', '88981606', '', '全素套餐', 11, 110, '签单', '送餐途中', '行政办事大厅116', '纳米楼', '20140627000011', 1, 0),
(1200, '梁晓珍', '1088280018', '2014-06-27 00:00:00', '紫金港纳米楼纳A-116', '88981606', '', '回族套餐', 1, 10, '签单', '送餐途中', '行政办事大厅116', '纳米楼', '20140627000012', 1, 0),
(1201, '孙惠红', '0087308', '2014-06-27 00:00:00', '紫金港纳米楼纳B-213', '88981347', '', '鸡蛋炒河粉套餐', 1, 8, '签单', '送餐途中', '发展联络办公室纳米B-213', '纳米楼', '20140627000013', 1, 0),
(1202, '孙惠红', '0087308', '2014-06-27 00:00:00', '紫金港纳米楼纳B-213', '88981347', '', '滑蛋里脊套餐', 12, 120, '签单', '送餐途中', '发展联络办公室纳米B-213', '纳米楼', '20140627000014', 1, 0),
(1203, '孙惠红', '0087308', '2014-06-27 00:00:00', '紫金港纳米楼纳B-213', '88981347', '', '土豆烧肉套餐', 12, 120, '签单', '送餐途中', '发展联络办公室纳米B-213', '纳米楼', '20140627000015', 1, 0),
(1204, '严昕', '0087261', '2014-06-30 00:00:00', '紫金港纳米楼纳B-101', '88206099', '', '菌菇鸡腿套餐', 6, 60, '签单', '送餐途中', '接待服务中心纳米B-101', '纳米楼', '20140630000001', 1, 0),
(1205, '苏晓梅', '11214027', '2014-06-30 00:00:00', '紫金港东1-东4教学楼东1A-105', '18868108110', '', '菌菇鸡腿套餐', 1, 10, '电子支付', '送餐途中', '环境与资源学院', '东1-东4教学楼', '20140630000002', 0, 0),
(1206, '苏晓梅', '11214027', '2014-06-30 00:00:00', '紫金港农生组团农B-109-1', '18868108110', '', '菌菇鸡腿套餐', 1, 10, '电子支付', '送餐途中', '环境与资源学院', '农生组团', '20140630000003', 1, 0),
(1207, '郭晓红', '11318068', '2014-06-30 00:00:00', '紫金港医学院科A-310', '88208583', '', '菌菇鸡腿套餐', 8, 80, '签单', '送餐途中', '科A-310', '医学院', '20140630000004', 1, 0),
(1208, '郭晓红', '11318068', '2014-06-30 00:00:00', '紫金港医学院科A-310', '88208583', '', '薯仔排骨套餐', 2, 20, '签单', '送餐途中', '科A-310', '医学院', '20140630000005', 1, 0),
(1209, '邬飞波', '0090000', '2014-06-30 00:00:00', '紫金港农生组团农A-213', '88982827', '', '菌菇鸡腿套餐', 1, 10, '电子支付', '送餐途中', '农业与生物技术学院农学系', '农生组团', '20140630000006', 0, 0),
(1210, '邬飞波', '0090000', '2014-06-30 00:00:00', '紫金港农生组团农A-213', '88982827', '', '菌菇鸡腿套餐', 1, 10, '电子支付', '送餐途中', '农业与生物技术学院农学系', '农生组团', '20140630000007', 0, 0),
(1211, '邬飞波', '0090000', '2014-06-30 00:00:00', '紫金港农生组团农A-213', '88982827', '', '菌菇鸡腿套餐', 1, 10, '电子支付', '送餐途中', '农业与生物技术学院农学系', '农生组团', '20140630000008', 0, 0),
(1212, '邬飞波', '0090000', '2014-06-30 00:00:00', '紫金港农生组团农A-213', '88982827', '', '菌菇鸡腿套餐', 1, 10, '电子支付', '送餐途中', '农业与生物技术学院农学系', '农生组团', '20140630000009', 0, 0),
(1213, '张谦', '21214057', '2014-06-30 00:00:00', '紫金港农生组团农B-109-1', '13989493266', '', '全素套餐', 1, 10, '电子支付', '送餐途中', '环境与资源学院', '农生组团', '20140630000010', 1, 0),
(1214, '孙惠红', '0087308', '2014-06-30 00:00:00', '紫金港纳米楼纳B-213', '88981347', '', '全素套餐', 5, 50, '签单', '送餐途中', '发展联络办公室纳米B-213', '纳米楼', '20140630000011', 1, 0),
(1215, '孙惠红', '0087308', '2014-06-30 00:00:00', '紫金港纳米楼纳B-213', '88981347', '', '薯仔排骨套餐', 11, 110, '签单', '送餐途中', '发展联络办公室纳米B-213', '纳米楼', '20140630000012', 1, 0),
(1216, '孙惠红', '0087308', '2014-06-30 00:00:00', '紫金港纳米楼纳B-213', '88981347', '', '菌菇鸡腿套餐', 12, 120, '签单', '送餐途中', '发展联络办公室纳米B-213', '纳米楼', '20140630000013', 1, 0),
(1217, '梁晓珍', '1088280018', '2014-06-30 00:00:00', '紫金港纳米楼纳A-116', '88981606', '', '全素套餐', 8, 80, '签单', '送餐途中', '行政办事大厅116', '纳米楼', '20140630000014', 1, 0),
(1218, '梁晓珍', '1088280018', '2014-06-30 00:00:00', '紫金港纳米楼纳A-116', '88981606', '', '回族套餐', 3, 30, '签单', '送餐途中', '行政办事大厅116', '纳米楼', '20140630000015', 1, 0),
(1219, '梁晓珍', '1088280018', '2014-06-30 00:00:00', '紫金港纳米楼纳A-116', '88981606', '', '薯仔排骨套餐', 8, 80, '签单', '送餐途中', '行政办事大厅116', '纳米楼', '20140630000016', 1, 0),
(1220, '梁晓珍', '1088280018', '2014-06-30 00:00:00', '紫金港纳米楼纳A-116', '88981606', '', '菌菇鸡腿套餐', 10, 100, '签单', '送餐途中', '行政办事大厅116', '纳米楼', '20140630000017', 1, 0),
(1221, '王建军', '0095302', '2014-07-01 00:00:00', '紫金港农生组团农E—259', '88982643', '', '香酥鸭套餐', 1, 10, '电子支付', '送餐途中', '动物科学学院', '农生组团', '20140701000001', 1, 0),
(1222, '严昕', '0087261', '2014-07-01 00:00:00', '紫金港纳米楼纳B-101', '88206099', '', '香酥鸭套餐', 5, 50, '签单', '送餐途中', '接待服务中心纳米B-101', '纳米楼', '20140701000002', 1, 0),
(1223, '严昕', '0087261', '2014-07-01 00:00:00', '紫金港纳米楼纳B-101', '88206099', '', '香干酱肉套餐', 5, 50, '签单', '送餐途中', '接待服务中心纳米B-101', '纳米楼', '20140701000003', 1, 0),
(1224, '胡珍荣', '0911156', '2014-07-01 00:00:00', '紫金港农生组团农B-109-1', '86971359', '', '菊花鱼套餐', 16, 240, '签单', '送餐途中', '环境与资源学院党政办公室', '农生组团', '20140701000004', 1, 0),
(1225, '郭晓红', '11318068', '2014-07-01 00:00:00', '紫金港医学院科A-310', '88208583', '', '香酥鸭套餐', 7, 70, '签单', '送餐途中', '科A-310', '医学院', '20140701000005', 1, 0),
(1226, '郭晓红', '11318068', '2014-07-01 00:00:00', '紫金港医学院科A-310', '88208583', '', '香干酱肉套餐', 1, 10, '签单', '送餐途中', '科A-310', '医学院', '20140701000006', 1, 0),
(1227, '郭晓红', '11318068', '2014-07-01 00:00:00', '紫金港医学院科A-310', '88208583', '', '全素套餐', 1, 10, '签单', '送餐途中', '科A-310', '医学院', '20140701000007', 1, 0),
(1228, '胡珍荣', '0911156', '2014-07-01 00:00:00', '紫金港农生组团农B-109-1', '86971359', '', '菊花鱼套餐', 5, 75, '签单', '送餐途中', '环境与资源学院党政办公室', '农生组团', '20140701000008', 1, 0),
(1229, '梁晓珍', '1088280018', '2014-07-01 00:00:00', '紫金港纳米楼纳A-116', '88981606', '', '香干酱肉套餐', 8, 80, '签单', '送餐途中', '行政办事大厅116', '纳米楼', '20140701000009', 1, 0),
(1230, '梁晓珍', '1088280018', '2014-07-01 00:00:00', '紫金港纳米楼纳A-116', '88981606', '', '全素套餐', 10, 100, '签单', '送餐途中', '行政办事大厅116', '纳米楼', '20140701000010', 1, 0),
(1231, '梁晓珍', '1088280018', '2014-07-01 00:00:00', '紫金港纳米楼纳A-116', '88981606', '', '香酥鸭套餐', 12, 120, '签单', '送餐途中', '行政办事大厅116', '纳米楼', '20140701000011', 1, 0),
(1232, '孙惠红', '0087308', '2014-07-01 00:00:00', '紫金港纳米楼纳B-213', '88981347', '', '香干酱肉套餐', 11, 110, '签单', '送餐途中', '发展联络办公室纳米B-213', '纳米楼', '20140701000012', 1, 0),
(1233, '孙惠红', '0087308', '2014-07-01 00:00:00', '紫金港纳米楼纳B-213', '88981347', '', '全素套餐', 3, 30, '签单', '送餐途中', '发展联络办公室纳米B-213', '纳米楼', '20140701000013', 1, 0),
(1234, '孙惠红', '0087308', '2014-07-01 00:00:00', '紫金港纳米楼纳B-213', '88981347', '', '香酥鸭套餐', 12, 120, '签单', '送餐途中', '发展联络办公室纳米B-213', '纳米楼', '20140701000014', 1, 0),
(1235, '严昕', '0087261', '2014-07-02 00:00:00', '紫金港纳米楼纳B-101', '88206099', '', '红葱大排 套餐', 3, 30, '签单', '送餐途中', '接待服务中心纳米B-101', '纳米楼', '20140702000001', 1, 0),
(1236, '严昕', '0087261', '2014-07-02 00:00:00', '紫金港纳米楼纳B-101', '88206099', '', '萝卜丝带鱼套餐', 4, 40, '签单', '送餐途中', '接待服务中心纳米B-101', '纳米楼', '20140702000002', 1, 0),
(1237, '郭晓红', '11318068', '2014-07-02 00:00:00', '紫金港医学院科A-310', '88208583', '', '萝卜丝带鱼套餐', 8, 80, '签单', '送餐途中', '科A-310', '医学院', '20140702000003', 1, 0),
(1238, '郭晓红', '11318068', '2014-07-02 00:00:00', '紫金港医学院科A-310', '88208583', '', '全素套餐', 1, 10, '签单', '送餐途中', '科A-310', '医学院', '20140702000004', 1, 0),
(1239, '王建军', '0095302', '2014-07-02 00:00:00', '紫金港农生组团农E—259', '88982643', '', '萝卜丝带鱼套餐', 1, 10, '电子支付', '送餐途中', '动物科学学院', '农生组团', '20140702000005', 1, 0),
(1240, '孙惠红', '0087308', '2014-07-02 00:00:00', '紫金港纳米楼纳B-213', '88981347', '', '鸡蛋炒面套餐', 5, 40, '签单', '送餐途中', '发展联络办公室纳米B-213', '纳米楼', '20140702000006', 1, 0),
(1241, '孙惠红', '0087308', '2014-07-02 00:00:00', '紫金港纳米楼纳B-213', '88981347', '', '全素套餐', 2, 20, '签单', '送餐途中', '发展联络办公室纳米B-213', '纳米楼', '20140702000007', 1, 0),
(1242, '孙惠红', '0087308', '2014-07-02 00:00:00', '紫金港纳米楼纳B-213', '88981347', '', '红葱大排 套餐', 9, 90, '签单', '送餐途中', '发展联络办公室纳米B-213', '纳米楼', '20140702000008', 1, 0),
(1243, '孙惠红', '0087308', '2014-07-02 00:00:00', '紫金港纳米楼纳B-213', '88981347', '', '萝卜丝带鱼套餐', 8, 80, '签单', '送餐途中', '发展联络办公室纳米B-213', '纳米楼', '20140702000009', 1, 0),
(1244, '梁晓珍', '1088280018', '2014-07-02 00:00:00', '紫金港纳米楼纳A-116', '88981606', '', '萝卜丝带鱼套餐', 12, 120, '签单', '送餐途中', '行政办事大厅116', '纳米楼', '20140702000010', 1, 0),
(1245, '梁晓珍', '1088280018', '2014-07-02 00:00:00', '紫金港纳米楼纳A-116', '88981606', '', '回族套餐', 2, 20, '签单', '送餐途中', '行政办事大厅116', '纳米楼', '20140702000011', 1, 0),
(1246, '梁晓珍', '1088280018', '2014-07-02 00:00:00', '紫金港纳米楼纳A-116', '88981606', '', '红葱大排 套餐', 13, 130, '签单', '送餐途中', '行政办事大厅116', '纳米楼', '20140702000012', 1, 0),
(1247, '梁晓珍', '1088280018', '2014-07-02 00:00:00', '紫金港纳米楼纳A-116', '88981606', '', '全素套餐', 4, 40, '签单', '送餐途中', '行政办事大厅116', '纳米楼', '20140702000013', 1, 0),
(1248, '张谦', '21214057', '2014-07-02 00:00:00', '紫金港农生组团农B-109-1', '13989493266', '', '全素套餐', 1, 10, '电子支付', '送餐途中', '环境与资源学院', '农生组团', '20140702000014', 1, 0),
(1249, '张谦', '21214057', '2014-07-02 00:00:00', '紫金港农生组团农B-109-1', '13989493266', '', '红葱大排 套餐', 1, 10, '电子支付', '送餐途中', '环境与资源学院', '农生组团', '20140702000015', 1, 0),
(1250, '严昕', '0087261', '2014-07-03 00:00:00', '紫金港纳米楼纳B-101', '88206099', '', '啤酒鸭套餐', 1, 10, '签单', '送餐途中', '接待服务中心纳米B-101', '纳米楼', '20140703000001', 1, 0),
(1251, '严昕', '0087261', '2014-07-03 00:00:00', '紫金港纳米楼纳B-101', '88206099', '', '冬瓜炖排骨套餐', 4, 40, '签单', '送餐途中', '接待服务中心纳米B-101', '纳米楼', '20140703000002', 1, 0),
(1252, '郭晓红', '11318068', '2014-07-03 00:00:00', '紫金港医学院科A-310', '88208583', '', '冬瓜炖排骨套餐', 3, 30, '签单', '送餐途中', '科A-310', '医学院', '20140703000003', 1, 0),
(1253, '郭晓红', '11318068', '2014-07-03 00:00:00', '紫金港医学院科A-310', '88208583', '', '啤酒鸭套餐', 5, 50, '签单', '送餐途中', '科A-310', '医学院', '20140703000004', 1, 0),
(1254, '郭晓红', '11318068', '2014-07-03 00:00:00', '紫金港医学院科A-310', '88208583', '', '全素套餐', 1, 10, '签单', '送餐途中', '科A-310', '医学院', '20140703000005', 1, 0),
(1255, '梁晓珍', '1088280018', '2014-07-03 00:00:00', '紫金港纳米楼纳A-116', '88981606', '', '全素套餐', 7, 70, '签单', '送餐途中', '行政办事大厅116', '纳米楼', '20140703000006', 1, 0),
(1256, '梁晓珍', '1088280018', '2014-07-03 00:00:00', '紫金港纳米楼纳A-116', '88981606', '', '回族套餐', 2, 20, '签单', '送餐途中', '行政办事大厅116', '纳米楼', '20140703000007', 1, 0),
(1257, '梁晓珍', '1088280018', '2014-07-03 00:00:00', '紫金港纳米楼纳A-116', '88981606', '', '啤酒鸭套餐', 6, 60, '签单', '送餐途中', '行政办事大厅116', '纳米楼', '20140703000008', 1, 0),
(1258, '梁晓珍', '1088280018', '2014-07-03 00:00:00', '紫金港纳米楼纳A-116', '88981606', '', '冬瓜炖排骨套餐', 15, 150, '签单', '送餐途中', '行政办事大厅116', '纳米楼', '20140703000009', 1, 0),
(1259, '周爱华', '0910036', '2014-07-03 00:00:00', '紫金港纳米楼纳B-213', '88208578', '', '啤酒鸭套餐', 1, 10, '签单', '送餐途中', '继续教育管理处外联与发展  东4-316', '纳米楼', '20140703000010', 1, 0),
(1260, '严昕', '0087261', '2014-07-04 00:00:00', '紫金港纳米楼纳B-101', '88206099', '', '家常豆腐套餐', 3, 30, '签单', '送餐途中', '接待服务中心纳米B-101', '纳米楼', '20140704000001', 1, 0),
(1261, '严昕', '0087261', '2014-07-04 00:00:00', '紫金港纳米楼纳B-101', '88206099', '', '香卤鸡腿套餐', 4, 40, '签单', '送餐途中', '接待服务中心纳米B-101', '纳米楼', '20140704000002', 1, 0),
(1262, '张谦', '21214057', '2014-07-04 00:00:00', '紫金港农生组团农B-109-1', '13989493266', '', '全素套餐', 1, 10, '电子支付', '送餐途中', '环境与资源学院', '农生组团', '20140704000003', 1, 0),
(1263, '梁晓珍', '1088280018', '2014-07-04 00:00:00', '紫金港纳米楼纳A-116', '88981606', '', '全素套餐', 7, 70, '签单', '送餐途中', '行政办事大厅116', '纳米楼', '20140704000004', 1, 0),
(1264, '梁晓珍', '1088280018', '2014-07-04 00:00:00', '紫金港纳米楼纳A-116', '88981606', '', '回族套餐', 8, 80, '签单', '送餐途中', '行政办事大厅116', '纳米楼', '20140704000005', 1, 0),
(1265, '梁晓珍', '1088280018', '2014-07-04 00:00:00', '紫金港纳米楼纳A-116', '88981606', '', '香卤鸡腿套餐', 12, 120, '签单', '送餐途中', '行政办事大厅116', '纳米楼', '20140704000006', 1, 0),
(1266, '梁晓珍', '1088280018', '2014-07-04 00:00:00', '紫金港纳米楼纳A-116', '88981606', '', '家常豆腐套餐', 1, 10, '签单', '送餐途中', '行政办事大厅116', '纳米楼', '20140704000007', 1, 0),
(1267, '汤甜甜', '0013327', '2014-07-04 00:00:00', '紫金港农生组团农E-251', '88982310', '', '特色黑鱼套餐', 6, 90, '签单', '送餐途中', '动物科学学院党政办公室', '农生组团', '20140704000008', 1, 0),
(1268, '孙惠红', '0087308', '2014-07-04 00:00:00', '紫金港纳米楼纳B-213', '88981347', '', '香卤鸡腿套餐', 11, 110, '签单', '送餐途中', '发展联络办公室纳米B-213', '纳米楼', '20140704000009', 1, 0),
(1269, '孙惠红', '0087308', '2014-07-04 00:00:00', '紫金港纳米楼纳B-213', '88981347', '', '家常豆腐套餐', 11, 110, '签单', '送餐途中', '发展联络办公室纳米B-213', '纳米楼', '20140704000010', 1, 0),
(1270, '吴群明', '2007011', '2014-07-06 00:00:00', '紫金港饮食中心饮食中心会议室309', '13857142942', '', '肉末飘香炒饭', 1, 8, '电子支付', '送餐途中', '饮食服务中心', '饮食中心', '20140706000001', 0, 0),
(1271, '吴群明', '2007011', '2014-07-06 00:00:00', '紫金港饮食中心饮食中心会议室309', '13857142942', '', '肉末飘香炒饭', 1, 8, '电子支付', '送餐途中', '饮食服务中心', '饮食中心', '20140706000002', 0, 0),
(1272, '郭晓红', '11318068', '2014-07-07 00:00:00', '紫金港医学院科A-310', '88208583', '', '南乳子排套餐', 6, 60, '签单', '送餐途中', '科A-310', '医学院', '20140707000001', 1, 0),
(1273, '郭晓红', '11318068', '2014-07-07 00:00:00', '紫金港医学院科A-310', '88208583', '', '鱼香肉丝套餐', 5, 50, '签单', '送餐途中', '科A-310', '医学院', '20140707000002', 1, 0),
(1274, '郭晓红', '11318068', '2014-07-07 00:00:00', '紫金港医学院科A-310', '88208583', '', '全素套餐', 2, 20, '签单', '送餐途中', '科A-310', '医学院', '20140707000003', 1, 0),
(1275, '郭晓红', '11318068', '2014-07-07 00:00:00', '紫金港医学院科A-310', '88208583', '', '南乳子排套餐', 1, 10, '签单', '送餐途中', '科A-310', '医学院', '20140707000004', 1, 0),
(1276, '严昕', '0087261', '2014-07-07 00:00:00', '紫金港纳米楼纳B-101', '88206099', '', '南乳子排套餐', 9, 90, '电子支付', '送餐途中', '接待服务中心纳米B-101', '纳米楼', '20140707000005', 0, 0),
(1277, '严昕', '0087261', '2014-07-07 00:00:00', '紫金港纳米楼纳B-101', '88206099', '', '南乳子排套餐', 9, 90, '签单', '送餐途中', '接待服务中心纳米B-101', '纳米楼', '20140707000006', 1, 0),
(1278, '苏晓梅', '11214027', '2014-07-07 00:00:00', '紫金港农生组团农B-109-1', '18868108110', '', '回族套餐', 1, 10, '电子支付', '送餐途中', '环境与资源学院', '农生组团', '20140707000007', 1, 0),
(1279, '孙惠红', '0087308', '2014-07-07 00:00:00', '紫金港纳米楼纳B-213', '88981347', '', '全素套餐', 3, 30, '签单', '送餐途中', '发展联络办公室纳米B-213', '纳米楼', '20140707000008', 1, 0),
(1280, '孙惠红', '0087308', '2014-07-07 00:00:00', '紫金港纳米楼纳B-213', '88981347', '', '鱼香肉丝套餐', 12, 120, '签单', '送餐途中', '发展联络办公室纳米B-213', '纳米楼', '20140707000009', 1, 0),
(1281, '孙惠红', '0087308', '2014-07-07 00:00:00', '紫金港纳米楼纳B-213', '88981347', '', '南乳子排套餐', 12, 120, '签单', '送餐途中', '发展联络办公室纳米B-213', '纳米楼', '20140707000010', 1, 0),
(1282, '梁晓珍', '1088280018', '2014-07-07 00:00:00', '紫金港纳米楼纳A-116', '88981606', '', '全素套餐', 7, 70, '签单', '送餐途中', '行政办事大厅116', '纳米楼', '20140707000011', 1, 0),
(1283, '梁晓珍', '1088280018', '2014-07-07 00:00:00', '紫金港纳米楼纳A-116', '88981606', '', '回族套餐', 4, 40, '签单', '送餐途中', '行政办事大厅116', '纳米楼', '20140707000012', 1, 0),
(1284, '梁晓珍', '1088280018', '2014-07-07 00:00:00', '紫金港纳米楼纳A-116', '88981606', '', '鱼香肉丝套餐', 10, 100, '签单', '送餐途中', '行政办事大厅116', '纳米楼', '20140707000013', 1, 0),
(1285, '梁晓珍', '1088280018', '2014-07-07 00:00:00', '紫金港纳米楼纳A-116', '88981606', '', '南乳子排套餐', 9, 90, '签单', '送餐途中', '行政办事大厅116', '纳米楼', '20140707000014', 1, 0),
(1286, '严昕', '0087261', '2014-07-07 00:00:00', '紫金港纳米楼纳B-101', '88206099', '', '彩椒咸肉套餐', 3, 45, '签单', '送餐途中', '接待服务中心纳米B-101', '纳米楼', '20140707000015', 1, 0),
(1287, '严昕', '0087261', '2014-07-08 00:00:00', '紫金港纳米楼纳B-101', '88206099', '', '糖醋里脊套餐', 10, 100, '签单', '送餐途中', '接待服务中心纳米B-101', '纳米楼', '20140708000001', 1, 0),
(1288, '郭晓红', '11318068', '2014-07-08 00:00:00', '紫金港医学院科A-310', '88208583', '', '糖醋里脊套餐', 10, 100, '签单', '送餐途中', '科A-310', '医学院', '20140708000002', 1, 0),
(1289, '郭晓红', '11318068', '2014-07-08 00:00:00', '紫金港医学院科A-310', '88208583', '', '土豆烧肉套餐', 2, 20, '签单', '送餐途中', '科A-310', '医学院', '20140708000003', 1, 0),
(1290, '郭晓红', '11318068', '2014-07-08 00:00:00', '紫金港医学院科A-310', '88208583', '', '全素套餐', 1, 10, '签单', '送餐途中', '科A-310', '医学院', '20140708000004', 1, 0),
(1291, '苏晓梅', '11214027', '2014-07-08 00:00:00', '紫金港农生组团农B-109-1', '18868108110', '', '糖醋里脊套餐', 1, 10, '电子支付', '送餐途中', '环境与资源学院', '农生组团', '20140708000005', 1, 0),
(1292, '聂泽宇', '11214028', '2014-07-08 00:00:00', '紫金港农生组团农B-109-1', '18858268586', '', '回族套餐', 1, 10, '电子支付', '送餐途中', '环境与资源学院', '农生组团', '20140708000006', 1, 0),
(1293, '胡珍荣', '0911156', '2014-07-08 00:00:00', '紫金港农生组团农B-109-1', '86971359', '', '尖椒猪柳套餐', 10, 150, '签单', '送餐途中', '环境与资源学院党政办公室', '农生组团', '20140708000007', 1, 0),
(1294, '周爱华', '0910036', '2014-07-08 00:00:00', '紫金港纳米楼纳B-213', '88208578', '', '土豆烧肉套餐', 10, 100, '签单', '送餐途中', '继续教育管理处外联与发展  东4-316', '纳米楼', '20140708000008', 1, 0),
(1295, '周爱华', '0910036', '2014-07-08 00:00:00', '紫金港纳米楼纳B-213', '88208578', '', '全素套餐', 2, 20, '签单', '送餐途中', '继续教育管理处外联与发展  东4-316', '纳米楼', '20140708000009', 1, 0),
(1296, '周爱华', '0910036', '2014-07-08 00:00:00', '紫金港纳米楼纳B-213', '88208578', '', '糖醋里脊套餐', 16, 160, '签单', '送餐途中', '继续教育管理处外联与发展  东4-316', '纳米楼', '20140708000010', 1, 0),
(1297, '梁晓珍', '1088280018', '2014-07-08 00:00:00', '紫金港纳米楼纳A-116', '88981606', '', '土豆烧肉套餐', 7, 70, '签单', '送餐途中', '行政办事大厅116', '纳米楼', '20140708000011', 1, 0),
(1298, '梁晓珍', '1088280018', '2014-07-08 00:00:00', '紫金港纳米楼纳A-116', '88981606', '', '全素套餐', 4, 40, '签单', '送餐途中', '行政办事大厅116', '纳米楼', '20140708000012', 1, 0),
(1299, '梁晓珍', '1088280018', '2014-07-08 00:00:00', '紫金港纳米楼纳A-116', '88981606', '', '回族套餐', 2, 20, '签单', '送餐途中', '行政办事大厅116', '纳米楼', '20140708000013', 1, 0),
(1300, '梁晓珍', '1088280018', '2014-07-08 00:00:00', '紫金港纳米楼纳A-116', '88981606', '', '糖醋里脊套餐', 11, 110, '签单', '送餐途中', '行政办事大厅116', '纳米楼', '20140708000014', 1, 0),
(1301, '严昕', '0087261', '2014-07-08 00:00:00', '紫金港纳米楼纳B-101', '88206099', '', '尖椒猪柳套餐', 7, 105, '签单', '送餐途中', '接待服务中心纳米B-101', '纳米楼', '20140708000015', 1, 0),
(1302, '严昕', '0087261', '2014-07-09 00:00:00', '紫金港纳米楼纳B-101', '88206099', '', '红葱大排 套餐', 10, 100, '签单', '送餐途中', '接待服务中心纳米B-101', '纳米楼', '20140709000001', 1, 0),
(1303, '郭晓红', '11318068', '2014-07-09 00:00:00', '紫金港医学院科A-310', '88208583', '', '红葱大排 套餐', 5, 50, '签单', '送餐途中', '科A-310', '医学院', '20140709000002', 1, 0),
(1304, '郭晓红', '11318068', '2014-07-09 00:00:00', '紫金港医学院科A-310', '88208583', '', '香干酱肉套餐', 6, 60, '签单', '送餐途中', '科A-310', '医学院', '20140709000003', 1, 0),
(1305, '郭晓红', '11318068', '2014-07-09 00:00:00', '紫金港医学院科A-310', '88208583', '', '全素套餐', 5, 50, '签单', '送餐途中', '科A-310', '医学院', '20140709000004', 1, 0),
(1306, '郭晓红', '11318068', '2014-07-09 00:00:00', '紫金港医学院科A-310', '88208583', '', '回族套餐', 1, 10, '签单', '送餐途中', '科A-310', '医学院', '20140709000005', 1, 0),
(1307, '姚玲丹', '21314027', '2014-07-09 00:00:00', '紫金港农生组团农B-109-1', '13386555778', '', '红葱大排 套餐', 1, 10, '电子支付', '送餐途中', '环境与资源学院', '农生组团', '20140709000006', 0, 0),
(1308, '姚玲丹', '21314027', '2014-07-09 00:00:00', '紫金港农生组团农B-109-1', '13386555778', '', '菊花鱼套餐', 1, 15, '电子支付', '送餐途中', '环境与资源学院', '农生组团', '20140709000007', 0, 0),
(1309, '姚玲丹', '21314027', '2014-07-09 00:00:00', '紫金港农生组团农B-109-1', '13386555778', '', '红葱大排 套餐', 1, 10, '电子支付', '送餐途中', '环境与资源学院', '农生组团', '20140709000008', 0, 0),
(1310, '姚玲丹', '21314027', '2014-07-09 00:00:00', '紫金港农生组团农B-109-1', '13386555778', '', '菊花鱼套餐', 1, 15, '电子支付', '送餐途中', '环境与资源学院', '农生组团', '20140709000009', 0, 0),
(1311, '姚玲丹', '21314027', '2014-07-09 00:00:00', '紫金港农生组团农B-109-1', '13386555778', '', '红葱大排 套餐', 1, 10, '电子支付', '送餐途中', '环境与资源学院', '农生组团', '20140709000010', 0, 0),
(1312, '姚玲丹', '21314027', '2014-07-09 00:00:00', '紫金港农生组团农B-109-1', '13386555778', '', '菊花鱼套餐', 1, 15, '电子支付', '送餐途中', '环境与资源学院', '农生组团', '20140709000011', 0, 0),
(1313, '姚玲丹', '21314027', '2014-07-09 00:00:00', '紫金港农生组团农B-109-1', '13386555778', '', '红葱大排 套餐', 1, 10, '电子支付', '送餐途中', '环境与资源学院', '农生组团', '20140709000012', 0, 0),
(1314, '姚玲丹', '21314027', '2014-07-09 00:00:00', '紫金港农生组团农B-109-1', '13386555778', '', '菊花鱼套餐', 1, 15, '电子支付', '送餐途中', '环境与资源学院', '农生组团', '20140709000013', 0, 0),
(1315, '姚玲丹', '21314027', '2014-07-09 00:00:00', '紫金港农生组团农B-109-1', '13386555778', '', '红葱大排 套餐', 1, 10, '电子支付', '送餐途中', '环境与资源学院', '农生组团', '20140709000014', 0, 0),
(1316, '姚玲丹', '21314027', '2014-07-09 00:00:00', '紫金港农生组团农B-109-1', '13386555778', '', '菊花鱼套餐', 1, 15, '电子支付', '送餐途中', '环境与资源学院', '农生组团', '20140709000015', 0, 0),
(1317, '梁晓珍', '1088280018', '2014-07-09 00:00:00', '紫金港纳米楼纳A-116', '88981606', '', '香干酱肉套餐', 4, 40, '签单', '送餐途中', '行政办事大厅116', '纳米楼', '20140709000016', 1, 0),
(1318, '梁晓珍', '1088280018', '2014-07-09 00:00:00', '紫金港纳米楼纳A-116', '88981606', '', '全素套餐', 7, 70, '签单', '送餐途中', '行政办事大厅116', '纳米楼', '20140709000017', 1, 0),
(1319, '梁晓珍', '1088280018', '2014-07-09 00:00:00', '紫金港纳米楼纳A-116', '88981606', '', '回族套餐', 4, 40, '签单', '送餐途中', '行政办事大厅116', '纳米楼', '20140709000018', 1, 0),
(1320, '梁晓珍', '1088280018', '2014-07-09 00:00:00', '紫金港纳米楼纳A-116', '88981606', '', '红葱大排 套餐', 17, 170, '签单', '送餐途中', '行政办事大厅116', '纳米楼', '20140709000019', 1, 0),
(1321, '刘殷东', '21314075', '2014-07-09 00:00:00', '紫金港农生组团农B-109-1', '15068167108', '', '红葱大排 套餐', 1, 10, '电子支付', '送餐途中', '环境与资源学院', '农生组团', '20140709000020', 1, 0),
(1322, '刘殷东', '21314075', '2014-07-09 00:00:00', '紫金港农生组团农B-109-1', '15068167108', '', '菊花鱼套餐', 1, 15, '电子支付', '送餐途中', '环境与资源学院', '农生组团', '20140709000021', 1, 0),
(1323, '孙惠红', '0087308', '2014-07-09 00:00:00', '紫金港纳米楼纳B-213', '8891347', '', '鸡蛋炒河粉套餐', 5, 40, '签单', '送餐途中', '发展联络办公室纳米B-213', '纳米楼', '20140709000022', 1, 0),
(1324, '孙惠红', '0087308', '2014-07-09 00:00:00', '紫金港纳米楼纳B-213', '8891347', '', '全素套餐', 4, 40, '签单', '送餐途中', '发展联络办公室纳米B-213', '纳米楼', '20140709000023', 1, 0),
(1325, '孙惠红', '0087308', '2014-07-09 00:00:00', '紫金港纳米楼纳B-213', '8891347', '', '红葱大排 套餐', 21, 210, '签单', '送餐途中', '发展联络办公室纳米B-213', '纳米楼', '20140709000024', 1, 0),
(1326, '苏晓梅', '11214027', '2014-07-10 00:00:00', '紫金港农生组团农B-109-1', '18868108110', '', '回族套餐', 1, 10, '电子支付', '送餐途中', '环境与资源学院', '农生组团', '20140710000001', 1, 0),
(1327, '汤甜甜', '0013327', '2014-07-10 00:00:00', '紫金港农生组团农E-251', '88982310', '', '菊花鱼套餐', 9, 135, '签单', '送餐途中', '动物科学学院党政办公室', '农生组团', '20140710000002', 1, 0),
(1328, '郭晓红', '11318068', '2014-07-10 00:00:00', '紫金港医学院科A-310', '88208583', '', '冬瓜炖排骨套餐', 1, 10, '签单', '送餐途中', '科A-310', '医学院', '20140710000003', 1, 0),
(1329, '郭晓红', '11318068', '2014-07-10 00:00:00', '紫金港医学院科A-310', '88208583', '', '杭州卤鸭套餐', 7, 70, '签单', '送餐途中', '科A-310', '医学院', '20140710000004', 1, 0),
(1330, '郭晓红', '11318068', '2014-07-10 00:00:00', '紫金港医学院科A-310', '88208583', '', '全素套餐', 3, 30, '签单', '送餐途中', '科A-310', '医学院', '20140710000005', 1, 0),
(1331, '郭晓红', '11318068', '2014-07-10 00:00:00', '紫金港医学院科A-310', '88208583', '', '杭州卤鸭套餐', 1, 10, '签单', '送餐途中', '科A-310', '医学院', '20140710000006', 1, 0),
(1332, '严昕', '0087261', '2014-07-10 00:00:00', '紫金港纳米楼纳B-101', '88206099', '', '杭州卤鸭套餐', 8, 80, '签单', '送餐途中', '接待服务中心纳米B-101', '纳米楼', '20140710000007', 1, 0),
(1333, '严昕', '0087261', '2014-07-10 00:00:00', '紫金港纳米楼纳B-101', '88206099', '', '鸡蛋炒面套餐', 1, 8, '签单', '送餐途中', '接待服务中心纳米B-101', '纳米楼', '20140710000008', 1, 0),
(1334, '彭程', '11114033', '2014-07-10 00:00:00', '紫金港农生组团农B-109-1', '13516703629', '', '回族套餐', 4, 40, '电子支付', '送餐途中', '环境与资源学院', '农生组团', '20140710000009', 0, 0),
(1335, '彭程', '11114033', '2014-07-10 00:00:00', '紫金港农生组团农B-109-1', '13516703629', '', '冬瓜炖排骨套餐', 2, 20, '电子支付', '送餐途中', '环境与资源学院', '农生组团', '20140710000010', 0, 0),
(1336, '黄皓？', '11114018', '2014-07-10 00:00:00', '紫金港农生组团农B-109-1', '15168301784', '', '回族套餐', 4, 40, '电子支付', '送餐途中', '环境与资源学院', '农生组团', '20140710000011', 0, 0),
(1337, '黄皓？', '11114018', '2014-07-10 00:00:00', '紫金港农生组团农B-109-1', '15168301784', '', '冬瓜炖排骨套餐', 2, 20, '电子支付', '送餐途中', '环境与资源学院', '农生组团', '20140710000012', 0, 0),
(1338, '谢好', '0008427', '2014-07-11 00:00:00', '紫金港农生组团农A-211', '86971498', '', '尖椒猪柳套餐', 21, 315, '签单', '送餐途中', '农业与生物技术学院研究生教育科', '农生组团', '20140711000001', 1, 0),
(1339, '严昕', '0087261', '2014-07-11 00:00:00', '紫金港纳米楼纳B-101', '88206099', '', '回锅肉套餐', 7, 70, '签单', '送餐途中', '接待服务中心纳米B-101', '纳米楼', '20140711000002', 1, 0),
(1340, '江霞萍', '21214070', '2014-07-11 00:00:00', '紫金港农生组团农B-109-1', '15700079136', '', '回族套餐', 1, 10, '电子支付', '送餐途中', '环境与资源学院', '农生组团', '20140711000003', 0, 0),
(1341, '江霞萍', '21214070', '2014-07-11 00:00:00', '紫金港农生组团农B-109-1', '15700079136', '', '回锅肉套餐', 1, 10, '电子支付', '送餐途中', '环境与资源学院', '农生组团', '20140711000004', 0, 0),
(1342, '江霞萍', '21214070', '2014-07-11 00:00:00', '紫金港农生组团农B-109-1', '15700079136', '', '香卤鸡腿套餐', 2, 20, '电子支付', '送餐途中', '环境与资源学院', '农生组团', '20140711000005', 0, 0),
(1343, '江霞萍', '21214070', '2014-07-11 00:00:00', '紫金港农生组团农B-109-1', '15700079136', '', '回族套餐', 1, 10, '电子支付', '送餐途中', '环境与资源学院', '农生组团', '20140711000006', 0, 0),
(1344, '江霞萍', '21214070', '2014-07-11 00:00:00', '紫金港农生组团农B-109-1', '15700079136', '', '回锅肉套餐', 1, 10, '电子支付', '送餐途中', '环境与资源学院', '农生组团', '20140711000007', 0, 0),
(1345, '江霞萍', '21214070', '2014-07-11 00:00:00', '紫金港农生组团农B-109-1', '15700079136', '', '香卤鸡腿套餐', 2, 20, '电子支付', '送餐途中', '环境与资源学院', '农生组团', '20140711000008', 0, 0),
(1346, '江霞萍', '21214070', '2014-07-11 00:00:00', '紫金港农生组团农B-109-1', '15700079136', '', '回族套餐', 1, 10, '电子支付', '送餐途中', '环境与资源学院', '农生组团', '20140711000009', 1, 0),
(1347, '江霞萍', '21214070', '2014-07-11 00:00:00', '紫金港农生组团农B-109-1', '15700079136', '', '回锅肉套餐', 1, 10, '电子支付', '送餐途中', '环境与资源学院', '农生组团', '20140711000010', 1, 0),
(1348, '江霞萍', '21214070', '2014-07-11 00:00:00', '紫金港农生组团农B-109-1', '15700079136', '', '香卤鸡腿套餐', 2, 20, '电子支付', '送餐途中', '环境与资源学院', '农生组团', '20140711000011', 1, 0),
(1349, '黄皓？', '11114018', '2014-07-11 00:00:00', '紫金港农生组团农B-109-1', '13656678443', '', '回族套餐', 5, 50, '电子支付', '送餐途中', '环境与资源学院', '农生组团', '20140711000012', 0, 0),
(1350, '黄皓？', '11114018', '2014-07-11 00:00:00', '紫金港农生组团农B-109-1', '13656678443', '', '回族套餐', 5, 50, '电子支付', '送餐途中', '环境与资源学院', '农生组团', '20140711000013', 0, 0),
(1351, '李天均', '21214035', '2014-07-12 00:00:00', '紫金港农生组团农B-109-1', '18858267433', '', '菌菇鸡腿套餐', 1, 10, '电子支付', '餐已收到', '环境与资源学院', '农生组团', '20140712000001', 1, 0),
(1352, '严昕', '0087261', '2014-07-14 00:00:00', '紫金港纳米楼纳B-101', '88206099', '', '香菇鸡套餐', 3, 30, '签单', '送餐途中', '接待服务中心纳米B-101', '纳米楼', '20140714000001', 1, 0),
(1353, '严昕', '0087261', '2014-07-14 00:00:00', '紫金港纳米楼纳B-101', '88206099', '', '油豆腐烧肉套餐', 3, 30, '签单', '送餐途中', '接待服务中心纳米B-101', '纳米楼', '20140714000002', 1, 0),
(1354, '郭晓红', '11318068', '2014-07-14 00:00:00', '紫金港医学院科A-310', '88208583', '', '香菇鸡套餐', 7, 70, '签单', '送餐途中', '科A-310', '医学院', '20140714000003', 1, 0),
(1355, '郭晓红', '11318068', '2014-07-14 00:00:00', '紫金港医学院科A-310', '88208583', '', '油豆腐烧肉套餐', 3, 30, '签单', '送餐途中', '科A-310', '医学院', '20140714000004', 1, 0),
(1356, '郭晓红', '11318068', '2014-07-14 00:00:00', '紫金港医学院科A-310', '88208583', '', '10元---全素套餐', 1, 10, '签单', '送餐途中', '科A-310', '医学院', '20140714000005', 1, 0),
(1357, '曹琳鸽', '21216001', '2014-07-14 00:00:00', '紫金港农生组团农C-1227', '13738084713', '', '10元A----香菇鸡套餐', 1, 10, '电子支付', '送餐途中', '农业与生物技术学院', '农生组团', '20140714000006', 0, 0),
(1358, '曹琳鸽', '21216001', '2014-07-14 00:00:00', '紫金港农生组团农C-1227', '13738084713', '', '10元B----油豆腐烧肉套餐', 1, 10, '电子支付', '送餐途中', '农业与生物技术学院', '农生组团', '20140714000007', 0, 0),
(1359, '严昕', '0087261', '2014-07-15 00:00:00', '紫金港纳米楼纳B-101', '88206099', '', '10元B--海鲜酱肉片套餐', 6, 60, '签单', '送餐途中', '接待服务中心纳米B-101', '纳米楼', '20140715000001', 1, 0),
(1360, '郭晓红', '11318068', '2014-07-15 00:00:00', '紫金港医学院科A-310', '88208583', '', '豉椒五花肉套餐', 4, 40, '签单', '送餐途中', '科A-310', '医学院', '20140715000002', 1, 0),
(1361, '郭晓红', '11318068', '2014-07-15 00:00:00', '紫金港医学院科A-310', '88208583', '', '10元B--海鲜酱肉片套餐', 9, 90, '签单', '送餐途中', '科A-310', '医学院', '20140715000003', 1, 0),
(1362, '郭晓红', '11318068', '2014-07-15 00:00:00', '紫金港医学院科A-310', '88208583', '', '10元---全素套餐', 1, 10, '签单', '送餐途中', '科A-310', '医学院', '20140715000004', 1, 0),
(1363, '张谦', '21214057', '2014-07-15 00:00:00', '紫金港农生组团农B-109-1', '13989493266', '', '豉椒五花肉套餐', 1, 10, '电子支付', '送餐途中', '环境与资源学院', '农生组团', '20140715000005', 0, 0),
(1364, '江霞萍', '21214070', '2014-07-15 00:00:00', '紫金港农生组团农B-109-1', '1570079136', '', '10元---回族套餐', 2, 20, '电子支付', '送餐途中', '环境与资源学院', '农生组团', '20140715000006', 0, 0),
(1365, '江霞萍', '21214070', '2014-07-15 00:00:00', '紫金港农生组团农B-109-1', '15700079136', '', '10元---回族套餐', 2, 20, '电子支付', '送餐途中', '环境与资源学院', '农生组团', '20140715000007', 0, 0),
(1366, '江霞萍', '21214070', '2014-07-15 00:00:00', '紫金港农生组团农B-109-1', '15700079136', '', '10元---回族套餐', 2, 20, '电子支付', '送餐途中', '环境与资源学院', '农生组团', '20140715000008', 1, 0),
(1367, '严欢', '1098200200', '2014-07-15 00:00:00', '紫金港东1-东4教学楼区域东1A-105', '13968125910', '', '10元---全素套餐', 1, 10, '签单', '送餐途中', '其他', '东1-东4教学楼区域', '20140715000009', 1, 0),
(1368, '严欢', '1098200200', '2014-07-15 00:00:00', '紫金港蒙民伟楼蒙民伟楼304-1', '88206303', '', '10元A----豉椒五花肉套餐', 1, 10, '签单', '送餐途中', '其他', '蒙民伟楼', '20140715000010', 1, 0),
(1369, '许萌', '1118200514', '2014-07-15 00:00:00', '紫金港东1-东4教学楼区域东1A-105', '88206303', '', '10元A----豉椒五花肉套餐', 1, 10, '签单', '送餐途中', '0', '东1-东4教学楼区域', '20140715000011', 1, 0),
(1370, '许萌', '1118200514', '2014-07-15 00:00:00', '紫金港安中楼建工121', '88206303', '', '20元---清蒸雅片鱼头套餐', 1, 20, '签单', '送餐途中', '0', '安中楼', '20140715000012', 1, 0),
(1371, '严昕', '0087261', '2014-07-16 00:00:00', '紫金港纳米楼纳B-101', '88206099', '', '10元A---红葱大排 套餐', 6, 60, '签单', '送餐途中', '接待服务中心纳米B-101', '纳米楼', '20140716000001', 1, 0),
(1372, '苏晓梅', '11214027', '2014-07-16 00:00:00', '紫金港农生组团农B-109-1', '18868108110', '', '10元---回族套餐', 1, 10, '电子支付', '送餐途中', '环境与资源学院', '农生组团', '20140716000002', 0, 0),
(1373, '郭晓红', '11318068', '2014-07-16 00:00:00', '紫金港医学院科A-310', '88208583', '', '10元A---红葱大排 套餐', 3, 30, '签单', '送餐途中', '科A-310', '医学院', '20140716000003', 1, 0),
(1374, '郭晓红', '11318068', '2014-07-16 00:00:00', '紫金港医学院科A-310', '88208583', '', '10元B---土豆排骨套餐', 8, 80, '签单', '送餐途中', '科A-310', '医学院', '20140716000004', 1, 0),
(1375, '郭晓红', '11318068', '2014-07-16 00:00:00', '紫金港医学院科A-310', '88208583', '', '10元---全素套餐', 1, 10, '签单', '送餐途中', '科A-310', '医学院', '20140716000005', 1, 0),
(1376, '严昕', '0087261', '2014-07-16 00:00:00', '紫金港纳米楼纳B-101', '88206099', '', '10元A---红葱大排 套餐', 1, 10, '签单', '送餐途中', '接待服务中心纳米B-101', '纳米楼', '20140716000006', 1, 0);
INSERT INTO `orderinfo` (`id`, `username`, `stuid`, `ordertime`, `address`, `phone`, `remark`, `food`, `amount`, `price`, `pay`, `status`, `dep`, `area`, `number`, `pay_status`, `finish`) VALUES
(1377, '汤甜甜', '0013327', '2014-07-17 00:00:00', '紫金港农生组团农E-251', '88982310', '', '15元---特色黑鱼套餐', 14, 210, '签单', '送餐途中', '动物科学学院党政办公室', '农生组团', '20140717000001', 1, 0),
(1378, '严昕', '0087261', '2014-07-17 00:00:00', '紫金港纳米楼纳B-101', '88206939', '', '10元B---香卤鸡腿套餐', 5, 50, '签单', '送餐途中', '接待服务中心纳米B-101', '纳米楼', '20140717000002', 1, 0),
(1379, '郭晓红', '11318068', '2014-07-17 00:00:00', '紫金港医学院科A-310', '88208583', '', '10元A---冬瓜炖排骨套餐', 8, 80, '签单', '送餐途中', '科A-310', '医学院', '20140717000003', 1, 0),
(1380, '郭晓红', '11318068', '2014-07-17 00:00:00', '紫金港医学院科A-310', '88208583', '', '10元B---香卤鸡腿套餐', 5, 50, '签单', '送餐途中', '科A-310', '医学院', '20140717000004', 1, 0),
(1381, '郭晓红', '11318068', '2014-07-17 00:00:00', '紫金港医学院科A-310', '88208583', '', '10元---全素套餐', 1, 10, '签单', '送餐途中', '科A-310', '医学院', '20140717000005', 1, 0),
(1382, '严昕', '0087261', '2014-07-18 00:00:00', '紫金港纳米楼纳B-101', '88206939', '', '10元B---南乳子排套餐', 4, 40, '签单', '送餐途中', '接待服务中心纳米B-101', '纳米楼', '20140718000001', 1, 0),
(1383, '严昕', '0087261', '2014-07-18 00:00:00', '紫金港纳米楼纳B-101', '88206939', '', '10元A---鱼香肉丝套餐', 1, 10, '签单', '送餐途中', '接待服务中心纳米B-101', '纳米楼', '20140718000002', 1, 0),
(1387, '汤甜甜', '0013327', '2014-07-18 00:00:00', '紫金港农生组团农E-251', '88982310', '', '15元葱油鸡套餐', 11, 165, '签单', '餐已收到', '动物科学学院党政办公室', '农生组团', '20140718000003', 1, 0),
(1388, '苏晓梅', '11214027', '2014-07-21 00:00:00', '紫金港农生组团农B-109-1', '18868108110', '', '10元B---香卤鸡腿套餐', 1, 10, '电子支付', '送餐途中', '环境与资源学院', '农生组团', '20140721000001', 0, 0),
(1389, '郭晓红', '11318068', '2014-07-21 00:00:00', '紫金港医学院科A-310', '88208583', '', '10元A----油豆腐烧肉套餐', 3, 30, '签单', '送餐途中', '科A-310', '医学院', '20140721000002', 1, 0),
(1390, '郭晓红', '11318068', '2014-07-21 00:00:00', '紫金港医学院科A-310', '88208583', '', '10元B---香卤鸡腿套餐', 10, 100, '签单', '送餐途中', '科A-310', '医学院', '20140721000003', 1, 0),
(1391, '郭晓红', '11318068', '2014-07-22 00:00:00', '紫金港医学院科A-310', '88208583', '', '10元A----香菇鸡套餐', 4, 40, '签单', '送餐途中', '科A-310', '医学院', '20140722000001', 1, 0),
(1392, '郭晓红', '11318068', '2014-07-22 00:00:00', '紫金港医学院科A-310', '88208583', '', '10元B---糖醋里脊套餐', 8, 80, '签单', '送餐途中', '科A-310', '医学院', '20140722000002', 1, 0),
(1393, '郭晓红', '11318068', '2014-07-22 00:00:00', '紫金港医学院科A-310', '88208583', '', '10元---全素套餐', 1, 10, '签单', '送餐途中', '科A-310', '医学院', '20140722000003', 1, 0),
(1394, '郭晓红', '11318068', '2014-07-23 00:00:00', '紫金港医学院科A-310', '88208583', '', '10元A---红葱大排 套餐', 2, 20, '签单', '送餐途中', '科A-310', '医学院', '20140723000001', 1, 0),
(1395, '郭晓红', '11318068', '2014-07-23 00:00:00', '紫金港医学院科A-310', '88208583', '', '10元B----剁椒鳊鱼套餐', 7, 70, '签单', '送餐途中', '科A-310', '医学院', '20140723000002', 1, 0),
(1396, '郭晓红', '11318068', '2014-07-23 00:00:00', '紫金港医学院科A-310', '88208583', '', '10元---全素套餐', 2, 20, '签单', '送餐途中', '科A-310', '医学院', '20140723000003', 1, 0),
(1397, '郭晓红', '11318068', '2014-07-24 00:00:00', '紫金港医学院科A-310', '88208583', '', '10元A---冬瓜炖排骨套餐', 7, 70, '签单', '送餐途中', '科A-310', '医学院', '20140724000001', 1, 0),
(1398, '郭晓红', '11318068', '2014-07-24 00:00:00', '紫金港医学院科A-310', '88208583', '', '10元B---香卤鸡腿套餐', 5, 50, '签单', '送餐途中', '科A-310', '医学院', '20140724000002', 1, 0),
(1399, '刘敏', '0009374', '2014-07-28 00:00:00', '紫金港纳米楼纳B-213', '13615810681', '', '10元---全素套餐', 1, 10, '签单', '餐已收到', '发展联络办公室纳米B-213', '纳米楼', '20140728000001', 1, 0),
(1400, '刘敏', '0009374', '2014-07-28 00:00:00', '紫金港纳米楼纳B-213', '13615810681', '', '10元---回族套餐', 1, 10, '签单', '送餐途中', '发展联络办公室纳米B-213', '纳米楼', '20140728000002', 1, 0),
(1401, '刘敏', '0009374', '2014-07-28 00:00:00', '紫金港纳米楼纳B-213', '13615810681', '', '10元B---啤酒鸭套餐', 1, 10, '签单', '送餐途中', '发展联络办公室纳米B-213', '纳米楼', '20140728000003', 1, 0),
(1402, '刘敏', '0009374', '2014-07-28 00:00:00', '紫金港纳米楼纳B-213', '13615810681', '', '10元B---油豆腐烧肉套餐', 1, 10, '签单', '送餐途中', '发展联络办公室纳米B-213', '纳米楼', '20140728000004', 1, 0),
(1403, '刘敏', '0009374', '2014-07-29 00:00:00', '紫金港纳米楼纳B-208', '13615810681', '', '10元A---黄豆烧肉套餐', 1, 10, '签单', '送餐途中', '发展联络办公室纳米B-213', '纳米楼', '20140729000001', 1, 0),
(1404, '刘敏', '0009374', '2014-07-29 00:00:00', '紫金港纳米楼纳B-208', '13615810681', '', '10元---全素套餐', 2, 20, '签单', '送餐途中', '发展联络办公室纳米B-213', '纳米楼', '20140729000002', 1, 0),
(1405, '刘敏', '0009374', '2014-07-30 00:00:00', '紫金港纳米楼纳B-208', '13615810681', '', '10元B----剁椒鳊鱼套餐', 10, 100, '签单', '送餐途中', '发展联络办公室纳米B-213', '纳米楼', '20140730000001', 1, 0),
(1406, '刘敏', '0009374', '2014-07-30 00:00:00', '紫金港纳米楼纳B-208', '13615810681', '', '10元---全素套餐', 1, 10, '签单', '送餐途中', '发展联络办公室纳米B-213', '纳米楼', '20140730000002', 1, 0),
(1407, '刘敏', '0009374', '2014-07-30 00:00:00', '紫金港纳米楼纳B-208', '13615810681', '', '10元---回族套餐', 9, 90, '签单', '送餐途中', '发展联络办公室纳米B-213', '纳米楼', '20140730000003', 1, 0),
(1408, '刘敏', '0009374', '2014-07-30 00:00:00', '紫金港纳米楼纳B-208', '13615810681', '', '10元B----剁椒鳊鱼套餐', 1, 10, '签单', '送餐途中', '发展联络办公室纳米B-213', '纳米楼', '20140730000004', 1, 0),
(1409, '夏总平', '0010300', '2014-08-05 00:00:00', '紫金港医学院科A-208', '88981621', '', '10元B----剁椒鳊鱼套餐', 6, 60, '电子支付', '送餐途中', '其他', '医学院', '20140805000001', 0, 0),
(1410, '夏总平', '0010300', '2014-08-05 00:00:00', '紫金港医学院科A-208', '88981621', '', '10元A---土豆排骨套餐', 6, 60, '电子支付', '送餐途中', '其他', '医学院', '20140805000002', 0, 0),
(1411, '夏总平', '0010300', '2014-08-05 00:00:00', '紫金港医学院科A-208', '88981621', '', '15元---尖椒猪柳套餐', 1, 15, '电子支付', '送餐途中', '其他', '医学院', '20140805000003', 0, 0),
(1412, '贾俊岭', '0013124', '2014-08-06 00:00:00', '紫金港纳米楼纳A-413B', '18867530178', '', '10元A----剁椒鳊鱼套餐', 1, 10, '电子支付', '送餐途中', '生命科学研究院', '纳米楼', '20140806000001', 0, 0),
(1413, '贾俊岭', '0013124', '2014-08-06 00:00:00', '紫金港纳米楼纳A-413B', '18867530178', '', '10元B---油豆腐烧肉套餐', 1, 10, '电子支付', '送餐途中', '生命科学研究院', '纳米楼', '20140806000002', 0, 0),
(1414, '贾俊岭', '0013124', '2014-08-06 00:00:00', '紫金港纳米楼纳A-413B', '18867530178', '', '10元A----剁椒鳊鱼套餐', 1, 10, '电子支付', '送餐途中', '生命科学研究院', '纳米楼', '20140806000003', 0, 0),
(1415, '贾俊岭', '0013124', '2014-08-06 00:00:00', '紫金港纳米楼纳A-413B', '18867530178', '', '10元B---油豆腐烧肉套餐', 1, 10, '电子支付', '送餐途中', '生命科学研究院', '纳米楼', '20140806000004', 0, 0),
(1416, '贾俊岭', '0013124', '2014-08-06 00:00:00', '紫金港纳米楼纳A-413B', '18867530178', '', '10元A----剁椒鳊鱼套餐', 1, 10, '电子支付', '送餐途中', '生命科学研究院', '纳米楼', '20140806000005', 0, 0),
(1417, '贾俊岭', '0013124', '2014-08-06 00:00:00', '紫金港纳米楼纳A-413B', '18867530178', '', '10元B---油豆腐烧肉套餐', 1, 10, '电子支付', '送餐途中', '生命科学研究院', '纳米楼', '20140806000006', 0, 0),
(1418, '贾俊岭', '0013124', '2014-08-06 00:00:00', '紫金港纳米楼纳A-413B', '18867530178', '', '10元A----剁椒鳊鱼套餐', 1, 10, '电子支付', '送餐途中', '生命科学研究院', '纳米楼', '20140806000007', 0, 0),
(1419, '贾俊岭', '0013124', '2014-08-06 00:00:00', '紫金港纳米楼纳A-413B', '18867530178', '', '10元B---油豆腐烧肉套餐', 1, 10, '电子支付', '送餐途中', '生命科学研究院', '纳米楼', '20140806000008', 0, 0),
(1420, '贾丹梅', '0914048', '2014-08-06 00:00:00', '紫金港纳米楼纳A-413B', '13858006550', '', '10元B---油豆腐烧肉套餐', 1, 10, '电子支付', '送餐途中', '生命科学研究院', '纳米楼', '20140806000009', 0, 0),
(1421, '贾丹梅', '0914048', '2014-08-06 00:00:00', '紫金港纳米楼纳B-109', '13858006550', '', '10元B---油豆腐烧肉套餐', 1, 10, '电子支付', '送餐途中', '生命科学研究院', '纳米楼', '20140806000010', 0, 0),
(1422, '李勇', '0012180', '2014-08-06 00:00:00', '紫金港农生组团农C-1227', '15968871820', '', '10元A----剁椒鳊鱼套餐', 1, 10, '电子支付', '送餐途中', '土水资源与环境研究所', '农生组团', '20140806000011', 0, 0),
(1423, '李勇', '0012180', '2014-08-06 00:00:00', '紫金港农生组团农C-1227', '15968871820', '', '15元---彩椒咸肉套餐', 1, 15, '电子支付', '送餐途中', '土水资源与环境研究所', '农生组团', '20140806000012', 0, 0),
(1424, '俞振伟', '3410002', '2014-08-07 00:00:00', '紫金港10份以下自取医学院综合楼自取点', '15990020502', '', '10元B----香菇鸡套餐', 2, 20, '电子支付', '送餐途中', '附属邵逸夫医院', '10份以下自取', '20140807000001', 0, 0),
(1425, '李勇', '0012180', '2014-08-07 00:00:00', '紫金港农生组团农C-1227', '15968871820', '', '15元---红烧蹄膀套餐', 1, 15, '电子支付', '送餐途中', '土水资源与环境研究所', '农生组团', '20140807000002', 1, 0),
(1426, '高芬', '11207034', '2014-08-11 00:00:00', '紫金港10份以下自取生命科学学院大厅自取', '18258188802', '', '10元B---鱼香肉丝套餐', 1, 10, '电子支付', '送餐途中', '生命科学学院', '10份以下自取', '20140811000001', 1, 0),
(1427, '王凯', '3120000019', '2014-11-12 22:55:00', '紫金港农生组团农C-1227', '18888888888', '', '8元----鸡蛋炒面套餐', 1, 8, '签单', '烹饪中', '求是学院', '农生组团', '20141112000001', 1, 0),
(1428, '王凯', '3120000019', '2014-11-13 15:59:14', '紫金港农生组团农C-1227', '13333333333', '', '8元----鸡蛋炒面套餐', 1, 8, '签单', '烹饪中', '求是学院', '农生组团', '20141113000001', 1, 0),
(1429, '王凯', '3120000019', '2014-11-13 16:01:35', '紫金港农生组团农C-1227', '13333333333', '', '8元----鸡蛋炒面套餐', 1, 8, '签单', '烹饪中', '求是学院', '农生组团', '20141113000002', 1, 0);

-- --------------------------------------------------------

--
-- 表的结构 `senderinfo`
--

CREATE TABLE IF NOT EXISTS `senderinfo` (
  `id` int(11) NOT NULL AUTO_INCREMENT,
  `stuid` varchar(20) NOT NULL,
  `area` varchar(20) NOT NULL,
  PRIMARY KEY (`id`)
) ENGINE=InnoDB  DEFAULT CHARSET=utf8 AUTO_INCREMENT=28 ;

--
-- 转存表中的数据 `senderinfo`
--

INSERT INTO `senderinfo` (`id`, `stuid`, `area`) VALUES
(20, '001', '农生组团'),
(23, '001', '纳米楼'),
(25, '002', '生命科学学院大厅自取（10份以下订餐）'),
(26, '003', '医学院自取点（10份以下订餐）'),
(27, '004', '医学院');

-- --------------------------------------------------------

--
-- 表的结构 `userinfo`
--

CREATE TABLE IF NOT EXISTS `userinfo` (
  `id` int(10) unsigned NOT NULL AUTO_INCREMENT,
  `white` int(10) NOT NULL,
  `black` int(10) NOT NULL,
  `stuid` varchar(50) NOT NULL,
  `manager` int(10) NOT NULL,
  `name` varchar(20) NOT NULL,
  `dep` varchar(20) NOT NULL,
  PRIMARY KEY (`id`)
) ENGINE=InnoDB  DEFAULT CHARSET=utf8 AUTO_INCREMENT=126 ;

--
-- 转存表中的数据 `userinfo`
--

INSERT INTO `userinfo` (`id`, `white`, `black`, `stuid`, `manager`, `name`, `dep`) VALUES
(1, 1, 0, '1148200167', 1, '毛国伟', '后勤集团（杭州浙大同力后勤集团有限公司）'),
(2, 1, 0, '3120000019', 1, '王凯', '求是学院'),
(3, 1, 0, '1098200200', 1, '严欢', '其他'),
(4, 1, 0, '1088280018', 0, '梁晓珍', '行政办事大厅116'),
(6, 1, 0, '1148200048', 1, '魏波', '饮食服务中心'),
(8, 1, 0, '1118200514', 1, '许萌', '0'),
(9, 1, 0, '3120103709', 1, '孙士权', '求是学院'),
(11, 1, 0, '0087308', 0, '孙惠红', '发展联络办公室纳米B-213'),
(12, 1, 0, '0009374', 0, '刘敏', '发展联络办公室纳米B-213'),
(13, 1, 0, '0910036', 0, '周爱华', '继续教育管理处外联与发展  东4-316'),
(14, 1, 0, '0010397', 0, '严玲', '继续教育管理处外联与发展  东4-316'),
(15, 1, 0, '0012389', 0, '熊晶蕾', '继续教育管理处外联与发展  东4-316'),
(16, 1, 0, '0098237', 0, '李文红', '教学研究处'),
(17, 1, 0, '0010309', 0, '王琎', '本科生院'),
(18, 1, 0, '0094191', 0, '叶险峰', '信息与电子工程学系'),
(19, 1, 0, '0012350', 0, '刘员', '采购中心'),
(20, 1, 0, '9999467', 0, '姚立敏', '教务处通识教育与大类培养办公室'),
(21, 1, 0, '0078264', 0, '杨潮', '社会科学学部'),
(22, 1, 0, '0083220', 0, '沈欣林', '社会科学学部'),
(23, 1, 0, '0097051', 0, '吕春凤', '社会科学学部'),
(24, 1, 0, '0088188', 0, '陈洁', '审计处维修工程审计办公室'),
(25, 1, 0, '0009251', 0, '杨慧蓉', '公共管理学院'),
(26, 1, 0, '0909119', 0, '0909119', '其他'),
(27, 1, 0, '0908115', 0, '姚杰', '公共管理学院'),
(28, 1, 0, '0085280', 0, '涂云虹', '后勤管理处综合办公室'),
(29, 1, 0, '0085153', 0, '汪士清', '后勤管理处综合办公室'),
(30, 1, 0, '11318068', 0, '郭晓红', '科A-310'),
(31, 1, 0, '11218083', 0, '李振丽', '0'),
(32, 1, 0, '0085376', 0, '戴超琴', '经济学院本科与成人教育科'),
(33, 1, 0, '0910075', 0, '郭邃', '经济学院本科与成人教育科'),
(34, 1, 0, '0086343', 0, '范良辉', '经济学院院机关'),
(35, 1, 0, '0013321', 0, '梁立', '其他'),
(36, 1, 0, '0911087', 0, '马超虹', '海洋科学与工程学系*'),
(37, 1, 0, '0098270', 0, '徐行', '公共管理学院土地管理系'),
(38, 1, 0, '0012376', 0, '缪海锋', '建筑工程学院组织人事科'),
(39, 1, 0, '0085310', 0, '陈悦', '校长办公室'),
(40, 1, 0, '0010433', 0, '王一清', '统战部联络工作室'),
(41, 1, 0, '0912088', 0, '郭茹雯', '管理学院管理科学与工程学系'),
(42, 1, 0, '0912288', 0, '王贞玉', '管理学院学生工作办公室'),
(43, 1, 0, '0011345', 0, '刘凤仪', '管理学院团委'),
(44, 1, 0, '0083111', 0, '陈旭东', '管理学院行政管理办公室'),
(45, 1, 0, '0094363', 0, '张世琪', '管理学院旅游管理系'),
(46, 1, 0, '0093345', 0, '李贤红', '管理学院'),
(47, 1, 0, '0913381', 0, '贺徐蜜', '其他'),
(48, 1, 0, '0911397', 0, '杨明园', '管理学院会计与财务管理系'),
(49, 1, 0, '0013329', 0, '安霓虹', '工业技术研究院'),
(50, 1, 0, '0089194', 0, '郝丽萍', '动物科学学院院机关'),
(51, 1, 0, '0095295', 0, '王昭荣', '动物科学学院院机关'),
(52, 1, 0, '0099021', 0, '江丽军', '动物科学学院科研与开发科'),
(53, 1, 0, '0079167', 0, '林嘉', '其他'),
(54, 1, 0, '0091287', 0, '朱华', '动物科学学院院机关'),
(55, 1, 0, '0093207', 0, '丁建萍', '动物科学学院院机关'),
(56, 1, 0, '0009360', 0, '陈瑶', '动物科学学院组织人事科'),
(57, 1, 0, '0011351', 0, '陈晶妍', '生物系统工程与食品科学学院团委'),
(58, 1, 0, '0097260', 0, '冯水娟', '生物系统工程与食品科学学院本科与成人教育'),
(59, 1, 0, '0091259', 0, '陶雪梅', '生物系统工程与食品科学学院生物系统工程系'),
(60, 1, 0, '0911467', 0, '包熙霞', '计划财务处'),
(61, 1, 0, '0096273', 0, '田红萍', '生物系统工程与食品科学学院党政办公室'),
(62, 1, 0, '0097144', 0, '武秀梅', '环境与资源学院组织人事科'),
(63, 1, 0, '0006298', 0, '鲁小城', '环境与资源学院科研与开发科'),
(64, 1, 0, '0008379', 0, '周黎', '环境与资源学院党政办公室'),
(65, 1, 0, '0911156', 0, '胡珍荣', '环境与资源学院党政办公室'),
(66, 1, 0, '0096285', 0, '何积秀', '环境与资源学院本科与成人教育科'),
(67, 1, 0, '0010520', 0, '沈晔娜', '环境与资源学院'),
(68, 1, 0, '0011317', 0, '柳小毅', '环境与资源学院团委'),
(69, 1, 0, '0008427', 0, '谢好', '农业与生物技术学院研究生教育科'),
(70, 1, 0, '0086319', 0, '俞黎萍', '生命科学学院'),
(71, 1, 0, '0094260', 0, '丁伟华', '生命科学学院院机关'),
(72, 1, 0, '0079182', 0, '陆庆', '生命科学学院党政办公室'),
(73, 1, 0, '0095297', 0, '马永芳', '农业与生物技术学院组织人事科'),
(74, 1, 0, '0094272', 0, '赵小俊', '农业与生物技术学院党政办公室'),
(75, 1, 0, '0013383', 0, '夏平', '生物系统工程与食品科学学院团委'),
(76, 1, 0, '0087261', 0, '严昕', '接待服务中心纳米B-101'),
(77, 1, 0, '0012301', 0, '杜柠', '房地产管理处综合办公室'),
(78, 1, 0, '0085530', 0, '戴爱敏', '饮食服务中心'),
(79, 1, 0, '0910102', 0, '刘影', '生命科学研究院'),
(80, 1, 0, '0099451', 0, '刘伟', '药学院党政办公室'),
(81, 1, 0, '0078625', 0, '黄欣欣', '其他'),
(82, 1, 0, '0908170', 0, '孟菲', '0'),
(83, 1, 0, '0912233', 0, '魏小鸣', '0'),
(84, 1, 0, '0009210', 0, '覃鲁宁', '医学院'),
(85, 1, 0, '0087444', 0, '傅军', '动物实验中心'),
(86, 1, 0, '0013327', 0, '汤甜甜', '动物科学学院党政办公室'),
(87, 1, 0, '0091386', 0, '张国芳', '管理学院行政管理办公室'),
(88, 1, 0, '0006069', 0, '童金皓', '其他'),
(89, 1, 0, '0088112', 0, '金茹', '其他'),
(90, 1, 0, '0908259', 0, '张淑红', '其他'),
(91, 1, 0, '0912583', 0, '王舒怡', '社会科学研究院'),
(92, 1, 0, '0097466', 0, '许丽萍', '教育学院现代教育技术中心'),
(93, 1, 0, '0098228', 0, '潘国卫', '物理学系'),
(94, 1, 0, '1099200452', 0, '胡月萍', '其他'),
(95, 1, 0, '0007232', 0, '肖桂凤', '基础医学系'),
(96, 1, 0, '0079275', 0, '陆旭东', '机关党委'),
(97, 1, 0, '0082410', 0, '李静', '其他'),
(98, 1, 0, '0007252', 0, '宋琦琳', '医学院党政办公室'),
(99, 1, 0, '0093397', 0, '徐凌霄', '医学院'),
(100, 1, 0, '0082163', 0, '郑爱平', '纪律检查委员会办公室'),
(101, 1, 0, '0093086', 0, '张子法', '纪律检查委员会办公室'),
(102, 1, 0, '0092584', 0, '叶晓萍', '纪律检查委员会办公室'),
(103, 1, 0, '0098100', 0, '郭文刚', '监察处(与纪律检查委员会办公室合署)'),
(104, 1, 0, '0097279', 0, '张士良', '纪律检查委员会办公室'),
(105, 1, 0, '0094368', 0, '张建富', '纪律检查委员会办公室'),
(106, 1, 0, '0078337', 0, '甘蜀临', '纪律检查委员会办公室综合室'),
(107, 1, 0, '0098262', 0, '许慧珍', '纪律检查委员会办公室'),
(108, 1, 0, '0007250', 0, '刘波', '纪律检查委员会办公室'),
(109, 1, 0, '0086342', 0, '胡肖娅', '纪律检查委员会办公室'),
(110, 1, 0, '0012453', 0, '张栋梁', '纪律检查委员会办公室'),
(111, 1, 0, '0712011', 0, '钱俊', '校外单位'),
(112, 1, 0, '0712012', 0, '唐洁', '校外单位'),
(113, 1, 0, '0088103', 0, '周继烈', '机械工程学系'),
(114, 1, 0, '0089179', 0, '张林初', '机械工程学系'),
(115, 1, 0, '0014265', 0, '花逸芳', '审计处'),
(116, 1, 0, '0096250', 0, '应多欢', '基本建设处'),
(117, 1, 0, '0090304', 0, '黄云芳', '基本建设处综合财务办公室'),
(118, 1, 0, '0094188', 0, '李小琴', '校医院'),
(119, 1, 0, '0096288', 0, '王清华', '动物科学学院院机关'),
(120, 1, 0, '0910027', 0, '郑云', '生命科学研究院'),
(121, 1, 0, '0012466', 0, '宋兴辉', '0'),
(122, 0, 0, '1148200049', 1, '崔腾飞', '0'),
(123, 1, 0, '0093165', 0, '林旭昌', '饮食服务中心'),
(124, 1, 0, '0089181', 0, '孙谷珍', '0'),
(125, 0, 0, '1118200540', 1, '吴群明', '后勤集团（杭州浙大同力后勤集团有限公司）');

/*!40101 SET CHARACTER_SET_CLIENT=@OLD_CHARACTER_SET_CLIENT */;
/*!40101 SET CHARACTER_SET_RESULTS=@OLD_CHARACTER_SET_RESULTS */;
/*!40101 SET COLLATION_CONNECTION=@OLD_COLLATION_CONNECTION */;
